County,State_Code,Violent_Crime_Total,Murder,Rape,Robbery,Assault,Burglary,Larceny-Theft,Vehicle_Theft
Autauga,AL,152,,11,38,103,606,358,1
Baldwin,AL,255,1,43,39,172,007,730,2
Barbour,AL,74,1,8,20,45,127,610,47
Bibb,AL,49,,2,8,39,101,212,36
Blount,AL,120,2,14,6,98,440,434,868
Bullock,AL,23,,1,1,21,39,28,
Butler,AL,77,1,5,12,59,129,530,24
Calhoun,AL,657,8,57,191,401,483,1,434
Chambers,AL,97,,5,14,78,162,404,24
Cherokee,AL,7,,2,,5,34,87,9
Chilton,AL,433,1,12,8,412,249,563,39
Choctaw,AL,3,,,2,1,16,11,2
Clarke,AL,39,,6,3,30,68,345,9
Clay,AL,19,1,1,1,16,83,146,4
Cleburne,AL,13,,8,2,3,95,168,69
Coffee,AL,48,1,5,8,34,209,433,51
Colbert,AL,196,1,15,32,148,111,483,1
Conecuh,AL,15,,1,2,12,36,155,9
Coosa,AL,47,,5,3,39,69,136,12
Covington,AL,135,1,15,12,107,235,650,41
Crenshaw,AL,31,2,3,5,21,82,168,22
Cullman,AL,124,2,27,6,89,647,679,1
Dale,AL,153,2,16,14,121,017,214,717
Dallas,AL,361,6,24,93,238,673,724,1
DeKalb,AL,59,,1,4,54,069,263,709
Elmore,AL,99,2,12,28,57,476,397,1
Escambia,AL,245,4,12,41,188,393,354,967
Etowah,AL,446,4,55,121,266,716,1,073
Fayette,AL,70,,7,1,62,116,233,43
Franklin,AL,57,,4,9,44,114,281,43
Geneva,AL,93,,9,6,78,166,315,39
Greene,AL,43,1,3,4,35,80,128,10
Hale,AL,69,,5,3,61,125,251,36
Henry,AL,39,1,3,5,30,87,201,39
Houston,AL,301,10,59,124,108,595,861,2
Jackson,AL,124,3,13,11,97,705,422,1
Jefferson,AL,4,926,64,369,2,400,4,396
Lamar,AL,12,,,2,10,40,76,17
Lauderdale,AL,211,2,11,41,157,576,612,1
Lawrence,AL,28,,4,1,23,151,338,35
Lee,AL,553,10,62,111,370,218,1,239
Limestone,AL,63,,12,14,37,071,208,754
Lowndes,AL,88,,4,20,64,203,60,25
Macon,AL,76,2,8,22,44,364,513,38
Madison,AL,1,371,6,130,417,517,13,434
Marengo,AL,127,1,9,18,99,141,415,18
Marion,AL,56,,3,4,49,215,450,42
Marshall,AL,190,1,31,31,127,068,677,2
Mobile,AL,1,818,34,171,857,430,22,728
Monroe,AL,192,4,4,11,173,103,326,38
Montgomery,AL,1,406,26,118,645,683,14,799
Morgan,AL,298,3,23,147,125,763,1,011
Perry,AL,94,,3,12,79,95,248,42
Pickens,AL,67,,7,4,56,74,160,13
Pike,AL,58,1,,16,41,204,197,966
Randolph,AL,73,1,13,9,50,116,436,44
Russell,AL,155,5,20,40,90,481,443,859
St. Clair,AL,195,2,31,19,143,708,360,1
Shelby,AL,303,7,42,94,160,097,762,2
Sumter,AL,65,1,1,8,55,67,146,14
Talladega,AL,185,,28,63,94,532,445,2
Tallapoosa,AL,202,1,22,34,145,556,312,1
Tuscaloosa,AL,793,16,70,219,488,7,873,1
Walker,AL,143,1,16,51,75,584,610,1
Washington,AL,18,,,2,16,59,117,7
Wilcox,AL,33,1,1,2,29,40,89,15
Winston,AL,69,3,3,3,60,141,274,35
Aleutians East,AK,,,,,,,,
Aleutians West,AK,17,,1,2,14,8,63,14
Anchorage,AK,2,176,15,263,332,1,525,10
Bethel,AK,65,1,,8,56,29,87,82
Bristol Bay,AK,16,,,,16,6,48,11
Denali,AK,,,,,,,,
Dillingham,AK,14,1,3,,10,4,17,17
Fairbanks North Star,AK,247,2,55,47,143,735,238,1
Haines,AK,1,,,,1,7,54,
Juneau,AK,133,,39,7,87,382,163,1
Kenai Peninsula,AK,95,,12,2,81,99,736,42
Ketchikan Gateway,AK,41,1,9,3,28,56,437,43
Kodiak Island,AK,41,,1,,40,15,174,19
Lake and Peninsula,AK,,,,,,,,
Matanuska-Susitna,AK,135,,2,7,126,72,713,64
Nome,AK,,,,,,,,
North Slope,AK,55,1,11,4,39,94,75,26
Northwest Arctic,AK,22,1,3,1,17,26,92,17
Prince of Wales-Outer Ketchikan,AK,24,,,2,22,5,33,1
Sitka,AK,21,,9,2,10,31,331,28
Skagway-Hoonah-Angoon,AK,1,,,,1,1,46,
Southeast Fairbanks,AK,,,,,,,,
Valdez-Cordova,AK,15,,,,15,5,43,2
Wade Hampton,AK,,,,,,,,
Wrangell-Petersburg,AK,7,,,,7,52,189,20
Yakutat,AK,,,,,,,,
Yukon-Koyukuk,AK,,,,,,,,
Apache,AZ,75,,3,1,71,128,308,17
Cochise,AZ,928,7,46,50,825,383,848,3
Coconino,AZ,629,7,65,70,487,909,879,4
Gila,AZ,242,,16,10,216,608,507,993
Graham,AZ,35,,,1,34,156,463,30
Greenlee,AZ,6,,,,6,32,61,
La Paz,AZ,111,,,2,109,167,559,75
Maricopa,AZ,17,075,281,1,064,10,356,17
Mohave,AZ,614,10,26,65,513,255,2,135
Navajo,AZ,353,5,24,20,304,813,781,1
Pima,AZ,5,883,81,481,1,537,5,555
Pinal,AZ,920,13,58,140,709,10,562,3
Santa Cruz,AZ,86,,1,11,74,208,511,158
Yavapai,AZ,650,4,44,50,552,286,1,436
Yuma,AZ,955,3,41,67,844,459,1,305
Arkansas,AR,96,1,4,8,83,241,446,14
Ashley,AR,130,1,7,7,115,203,344,35
Baxter,AR,55,,13,1,41,126,810,43
Benton,AR,295,5,94,25,171,775,687,3
Boone,AR,78,,13,2,63,164,495,36
Bradley,AR,24,,2,8,14,155,41,3
Calhoun,AR,10,1,,1,8,17,26,2
Carroll,AR,29,1,4,2,22,112,302,38
Chicot,AR,67,3,1,3,60,39,106,5
Clark,AR,69,2,7,8,52,215,319,21
Clay,AR,7,,1,,6,22,33,2
Cleburne,AR,40,,9,1,30,182,304,38
Cleveland,AR,4,1,1,,2,77,49,5
Columbia,AR,193,3,10,13,167,262,537,27
Conway,AR,22,,2,5,15,35,148,11
Craighead,AR,284,3,26,49,206,644,1,026
Crawford,AR,92,,11,6,75,265,626,48
Crittenden,AR,699,6,34,124,535,122,1,248
Cross,AR,59,,4,5,50,97,199,18
Dallas,AR,34,,,7,27,90,156,8
Desha,AR,113,3,5,7,98,155,189,15
Drew,AR,41,,4,8,29,131,427,30
Faulkner,AR,202,5,50,32,115,494,641,2
Franklin,AR,22,,2,1,19,33,87,5
Fulton,AR,11,,3,,8,46,74,15
Garland,AR,505,8,25,95,377,305,1,876
Grant,AR,10,,2,,8,21,69,2
Greene,AR,55,,15,2,38,064,312,691
Hempstead,AR,98,,13,17,68,246,475,43
Hot Spring,AR,131,1,24,17,89,324,411,39
Howard,AR,44,2,4,5,33,129,214,1
Independence,AR,35,2,8,4,21,150,332,753
Izard,AR,13,1,2,1,9,52,65,8
Jackson,AR,77,,8,10,59,163,380,53
Jefferson,AR,698,11,46,170,471,5,494,1
Johnson,AR,5,,1,,4,29,373,14
Lafayette,AR,6,1,2,1,2,8,20,4
Lawrence,AR,2,,1,,1,25,113,10
Lee,AR,33,1,5,7,20,114,148,9
Lincoln,AR,15,2,,3,10,55,66,1
Little River,AR,10,,2,2,6,39,108,16
Logan,AR,48,3,5,1,39,163,202,25
Lonoke,AR,190,2,18,12,158,738,505,1
Madison,AR,35,,2,4,29,38,58,4
Marion,AR,11,,1,,10,33,83,3
Miller,AR,453,3,22,49,379,002,470,1
Mississippi,AR,392,3,32,58,299,800,842,1
Monroe,AR,1,,,,1,12,47,10
Montgomery,AR,9,,,,9,7,8,2
Nevada,AR,57,1,5,6,45,51,76,9
Newton,AR,14,,,1,13,26,42,2
Ouachita,AR,90,2,8,18,62,258,437,33
Perry,AR,29,,2,1,26,60,25,2
Phillips,AR,102,1,12,25,64,444,260,20
Pike,AR,24,,5,,19,39,64,8
Poinsett,AR,96,,9,7,80,368,514,36
Polk,AR,32,,,2,30,118,166,5
Pope,AR,20,1,2,1,16,170,284,17
Prairie,AR,24,2,2,,20,40,52,14
Pulaski,AR,4,426,58,206,1,996,2,816
Randolph,AR,7,,,,7,15,33,5
St. Francis,AR,179,3,6,42,128,501,383,1
Saline,AR,90,,10,5,75,657,292,1
Scott,AR,32,,2,1,29,119,90,16
Searcy,AR,,,,,,,,
Sebastian,AR,841,4,101,95,641,787,1,270
Sevier,AR,25,3,2,2,18,52,129,8
Sharp,AR,34,,5,3,26,70,113,18
Stone,AR,1,,,1,,16,11,1
Union,AR,210,3,7,36,164,803,657,1
Van Buren,AR,15,1,4,,10,49,130,21
Washington,AR,574,9,112,46,407,731,933,4
White,AR,207,3,24,20,160,502,637,1
Woodruff,AR,6,,,,6,9,7,3
Yell,AR,79,,11,2,66,145,88,12
Alameda,CA,9,114,117,472,3,621,9,503
Alpine,CA,11,,3,,8,25,57,
Amador,CA,121,2,19,7,93,148,362,657
Butte,CA,752,6,92,129,525,265,2,452
Calaveras,CA,127,3,11,10,103,002,338,533
Colusa,CA,59,,2,5,52,207,314,55
Contra Costa,CA,4,021,76,205,1,274,4,532
Del Norte,CA,181,1,24,10,146,345,507,72
El Dorado,CA,467,2,45,59,361,106,1,149
Fresno,CA,5,169,69,272,1,287,6,041
Glenn,CA,71,,3,6,62,042,290,619
Humboldt,CA,428,5,52,106,265,145,1,310
Imperial,CA,687,4,34,123,526,619,1,913
Inyo,CA,52,,4,6,42,106,280,42
Kern,CA,4,421,51,217,931,3,237,31
Kings,CA,462,6,44,75,337,870,756,2
Lake,CA,301,1,18,24,258,940,580,1
Lassen,CA,100,,8,3,89,148,327,55
Los Angeles,CA,76,652,1,038,2,565,46,566
Madera,CA,723,7,35,158,523,946,1,139
Marin,CA,495,3,44,132,316,129,1,275
Mariposa,CA,82,1,7,,74,118,268,22
Mendocino,CA,472,6,28,32,406,924,688,1
Merced,CA,1,612,16,83,232,1,307,10
Modoc,CA,15,,2,1,12,48,81,18
Mono,CA,44,,8,3,33,147,403,23
Monterey,CA,2,097,33,129,721,2,311,14
Napa,CA,451,3,50,58,340,722,596,2
Nevada,CA,236,1,23,19,193,840,508,1
Orange,CA,8,308,81,522,2,194,8,600
Placer,CA,623,3,41,113,466,262,1,941
Plumas,CA,56,2,7,4,43,155,280,24
Riverside,CA,8,495,93,466,2,688,9,591
Sacramento,CA,9,164,92,449,3,297,7,206
San Benito,CA,237,,25,32,180,281,317,808
San Bernardino,CA,9,813,165,551,3,749,9,169
San Diego,CA,13,886,127,797,3,374,13,746
San Francisco,CA,5,782,88,154,3,482,6,562
San Joaquin,CA,5,431,55,192,1,626,4,596
San Luis Obispo,CA,777,2,97,81,597,875,1,582
San Mateo,CA,2,168,26,156,685,1,991,19
Santa Barbara,CA,1,804,7,128,321,1,312,9
Santa Clara,CA,5,090,37,454,1,430,7,226
Santa Cruz,CA,1,198,5,124,205,186,9,397
Shasta,CA,909,4,114,92,699,793,1,539
Sierra,CA,13,,,,13,20,36,5
Siskiyou,CA,139,1,9,6,123,012,277,659
Solano,CA,2,005,19,120,520,2,504,12
Sonoma,CA,2,242,17,214,272,1,356,13
Stanislaus,CA,2,874,41,159,719,3,088,30
Sutter,CA,354,3,36,56,259,342,815,2
Tehama,CA,429,3,31,21,374,786,484,1
Trinity,CA,57,1,4,4,48,103,49,53
Tulare,CA,2,614,25,105,445,2,377,19
Tuolumne,CA,186,2,7,13,164,191,759,1
Ventura,CA,1,898,33,101,621,2,112,17
Yolo,CA,1,053,5,85,167,6,565,1
Yuba,CA,395,5,29,58,303,604,760,1
Adams,CO,1,468,20,196,315,407,18,124
Alamosa,CO,98,1,3,4,90,83,382,22
Arapahoe,CO,2,196,21,257,635,1,716,22
Archuleta,CO,21,,9,1,11,98,188,14
Baca,CO,8,,,,8,,10,
Bent,CO,15,,2,,13,14,42,2
Boulder,CO,364,4,49,53,258,331,1,095
Broomfield,CO,40,1,7,12,20,556,151,1
Chaffee,CO,44,,12,,32,60,400,15
Cheyenne,CO,,,,,,2,14,1
Clear Creek,CO,40,,3,1,36,41,243,18
Conejos,CO,,,,,,,,
Costilla,CO,7,,,,7,,1,
Crowley,CO,7,,,,7,1,,
Custer,CO,1,,,,1,8,33,7
Delta,CO,61,,10,6,45,88,333,16
Denver,CO,4,517,87,244,1,743,2,945
Dolores,CO,1,,,,1,7,14,1
Douglas,CO,287,2,66,27,192,635,791,3
Eagle,CO,70,,6,9,55,274,98,1
Elbert,CO,19,,1,2,16,56,121,17
El Paso,CO,2,480,17,341,376,1,994,23
Fremont,CO,136,2,30,7,97,119,668,49
Garfield,CO,130,,9,8,113,375,263,1
Gilpin,CO,8,,,1,7,11,32,3
Grand,CO,7,,,1,6,43,267,21
Gunnison,CO,47,,13,,34,38,317,15
Hinsdale,CO,1,,,,1,,9,2
Huerfano,CO,18,1,,1,16,24,107,6
Jackson,CO,3,,,,3,1,7,2
Jefferson,CO,1,369,9,161,333,19,861,3
Kiowa,CO,,,,,,,,
Kit Carson,CO,12,,1,,11,21,102,5
Lake,CO,22,,,,22,29,90,15
La Plata,CO,71,1,12,6,52,298,228,992
Larimer,CO,578,2,177,44,355,790,1,328
Las Animas,CO,20,,2,1,17,41,189,11
Lincoln,CO,2,,1,,1,,15,2
Logan,CO,38,1,6,4,27,92,315,31
Mesa,CO,344,3,50,26,265,757,927,3
Mineral,CO,1,,,,1,2,1,
Moffat,CO,30,1,1,1,27,60,294,16
Montezuma,CO,92,3,1,3,85,140,528,42
Montrose,CO,55,,14,3,38,113,584,45
Morgan,CO,19,,,3,16,89,521,23
Otero,CO,58,,7,6,45,77,526,10
Ouray,CO,,,,,,3,22,
Park,CO,30,1,,,29,52,16,15
Phillips,CO,4,1,2,,1,7,15,3
Pitkin,CO,28,,11,1,16,80,528,35
Prowers,CO,20,,5,5,10,105,368,21
Pueblo,CO,713,8,37,212,456,7,183,1
Rio Blanco,CO,17,,1,,16,16,89,4
Rio Grande,CO,35,,4,3,28,53,155,1
Routt,CO,25,,3,,22,40,229,18
Saguache,CO,30,1,2,1,26,26,33,4
San Juan,CO,3,,,,3,3,12,
San Miguel,CO,12,,,1,11,20,148,3
Sedgwick,CO,5,,,,5,15,26,2
Summit,CO,21,,2,2,17,016,79,917
Teller,CO,47,2,5,1,39,60,327,19
Washington,CO,5,,1,,4,16,47,8
Weld,CO,770,9,106,84,571,236,1,551
Yuma,CO,12,,2,,10,34,105,7
Fairfield,CT,2,535,25,137,983,3,076,20
Hartford,CT,2,996,26,201,1,276,3,049
Litchfield,CT,148,4,10,22,112,128,393,1
Middlesex,CT,85,2,3,39,41,346,265,1
New Haven,CT,2,323,15,166,994,2,966,24
New London,CT,541,11,106,146,278,788,633,2
Tolland,CT,47,,10,18,19,143,525,64
Windham,CT,98,1,14,36,47,043,173,791
Kent,DE,938,4,77,136,721,629,914,3
New Castle,DE,3,241,23,201,1,949,,17
Sussex,DE,926,1,79,139,707,017,1,434
Alachua,FL,1,896,8,157,310,2,095,9
Baker,FL,106,1,2,11,92,89,293,32
Bay,FL,1,095,11,97,163,7,642,1
Bradford,FL,146,,13,8,125,140,347,48
Brevard,FL,3,344,14,204,502,2,819,15
Broward,FL,10,513,63,506,3,424,9,792
Calhoun,FL,25,,,2,23,30,72,8
Charlotte,FL,632,5,41,82,504,657,1,267
Citrus,FL,390,2,28,22,338,496,607,1
Clay,FL,655,6,46,61,542,606,833,2
Collier,FL,1,317,14,94,218,378,6,834
Columbia,FL,418,2,29,55,332,240,569,1
DeSoto,FL,228,4,6,24,194,280,583,35
Dixie,FL,84,1,16,8,59,160,243,18
Duval,FL,6,810,105,232,2,181,8,507
Escambia,FL,2,057,19,134,370,1,825,11
Flagler,FL,198,,12,19,167,430,347,981
Franklin,FL,38,1,7,7,23,54,247,18
Gadsden,FL,361,6,23,38,294,351,390,880
Gilchrist,FL,30,,2,2,26,114,185,28
Glades,FL,45,1,1,2,41,76,134,20
Gulf,FL,57,,4,1,52,88,139,19
Hamilton,FL,96,,1,14,81,106,229,43
Hardee,FL,165,,10,19,136,244,578,63
Hendry,FL,295,2,12,63,218,244,336,802
Hernando,FL,899,4,81,70,744,563,1,320
Highlands,FL,426,4,22,72,328,837,928,1
Hillsborough,FL,10,343,58,449,2,340,11,263
Holmes,FL,53,,3,5,45,73,135,21
Indian River,FL,496,1,56,65,374,995,869,2
Jackson,FL,258,4,19,13,222,009,296,637
Jefferson,FL,99,,10,3,86,53,86,9
Lafayette,FL,40,1,9,2,28,34,56,6
Lake,FL,1,615,9,82,135,1,838,6
Lee,FL,2,908,31,175,757,2,600,18
Leon,FL,1,996,13,205,391,2,525,10
Levy,FL,278,1,35,15,227,198,353,764
Liberty,FL,17,,1,2,14,16,22,4
Madison,FL,155,,13,12,130,180,410,23
Manatee,FL,2,491,13,98,511,2,379,14
Marion,FL,2,018,17,167,208,2,021,8
Martin,FL,542,7,28,107,400,937,806,2
Miami-Dade,FL,24,424,218,901,7,531,27,784
Monroe,FL,460,1,44,91,324,142,791,2
Nassau,FL,784,2,34,25,723,433,435,876
Okaloosa,FL,587,3,39,102,443,230,1,197
Okeechobee,FL,282,1,20,12,249,128,482,555
Orange,FL,9,617,61,507,2,642,9,570
Osceola,FL,1,190,5,102,221,194,8,916
Palm Beach,FL,8,963,89,487,2,817,8,152
Pasco,FL,1,622,17,139,242,1,808,13
Pinellas,FL,7,472,37,415,1,344,7,451
Polk,FL,2,482,15,137,511,2,916,21
Putnam,FL,804,5,44,80,675,358,1,147
St. Johns,FL,632,2,11,68,551,038,999,2
St. Lucie,FL,1,329,8,94,244,449,7,800
Santa Rosa,FL,414,5,46,32,331,218,605,1
Sarasota,FL,1,447,5,87,254,1,482,13
Seminole,FL,1,486,18,114,282,1,875,10
Sumter,FL,304,3,33,22,246,129,297,745
Suwannee,FL,189,,15,17,157,082,405,596
Taylor,FL,139,1,12,13,113,292,340,27
Union,FL,72,,5,2,65,111,156,22
Volusia,FL,3,000,19,166,649,3,347,18
Wakulla,FL,102,,17,2,83,168,344,33
Walton,FL,224,3,8,5,208,291,326,869
Washington,FL,35,,2,6,27,65,236,33
Appling,GA,72,,3,3,66,56,156,16
Atkinson,GA,17,,,3,14,19,54,2
Bacon,GA,5,,,2,3,76,158,20
Baker,GA,2,,,,2,3,,
Baldwin,GA,87,1,7,17,62,100,268,790
Banks,GA,18,1,1,4,12,110,411,36
Barrow,GA,406,1,14,15,376,882,476,1
Bartow,GA,278,1,9,57,211,574,1,135
Ben Hill,GA,76,1,1,10,64,250,620,40
Berrien,GA,90,,4,13,73,74,204,17
Bibb,GA,770,18,68,269,415,063,2,352
Bleckley,GA,25,2,,4,19,55,263,14
Brantley,GA,32,1,,6,25,148,261,44
Brooks,GA,144,1,2,6,135,91,322,39
Bryan,GA,44,,2,19,23,92,509,34
Bulloch,GA,117,1,9,40,67,046,375,1
Burke,GA,463,,3,19,441,176,689,84
Butts,GA,21,,,6,15,82,401,61
Calhoun,GA,25,,,3,22,32,72,6
Camden,GA,120,3,11,12,94,282,263,953
Candler,GA,52,,,18,34,47,212,21
Carroll,GA,807,5,30,48,724,792,1,229
Catoosa,GA,117,5,5,18,89,793,280,1
Charlton,GA,17,,,2,15,13,40,4
Chatham,GA,1,576,26,81,741,948,13,375
Chattahoochee,GA,10,,,,10,32,43,12
Chattooga,GA,10,,,,10,7,32,2
Cherokee,GA,113,3,15,19,76,436,151,1
Clarke,GA,473,5,50,167,251,593,1,221
Clay,GA,17,,2,,15,1,5,1
Clayton,GA,1,478,21,65,714,239,13,650
Clinch,GA,11,,,,11,15,22,5
Cobb,GA,1,801,20,155,716,533,18,791
Coffee,GA,175,1,11,30,133,787,517,2
Colquitt,GA,241,10,15,60,156,311,574,1
Columbia,GA,64,1,15,17,31,683,211,1
Cook,GA,62,2,1,8,51,63,193,8
Coweta,GA,159,3,6,46,104,517,500,1
Crawford,GA,23,1,1,5,16,91,234,27
Crisp,GA,92,1,6,26,59,364,232,1
Dade,GA,8,,,,8,9,28,9
Dawson,GA,19,,1,2,16,100,337,65
Decatur,GA,118,1,8,24,85,328,258,1
DeKalb,GA,3,792,88,299,2,312,3,448
Dodge,GA,76,,,,76,85,168,27
Dooly,GA,24,,,3,21,52,97,8
Dougherty,GA,544,5,51,225,263,703,1,674
Douglas,GA,345,5,27,77,236,631,790,3
Early,GA,39,1,6,1,31,50,90,10
Echols,GA,,,,,,,,
Effingham,GA,79,,4,13,62,152,549,57
Elbert,GA,55,,3,11,41,180,412,24
Emanuel,GA,9,1,,2,6,111,112,33
Evans,GA,,,,,,,,
Fannin,GA,4,,,,4,8,26,
Fayette,GA,56,6,8,16,26,758,213,1
Floyd,GA,420,8,16,94,302,256,958,3
Forsyth,GA,254,1,11,22,220,733,535,1
Franklin,GA,44,,1,4,39,77,235,35
Fulton,GA,9,724,138,351,3,315,12,755
Gilmer,GA,6,,2,1,3,64,163,46
Glascock,GA,,,,,,,,
Glynn,GA,273,4,25,134,110,889,911,3
Gordon,GA,51,,8,7,36,216,237,902
Grady,GA,108,1,1,21,85,185,430,20
Greene,GA,44,,2,6,36,74,269,32
Gwinnett,GA,2,049,31,177,916,261,21,574
Habersham,GA,63,,8,3,52,275,535,82
Hall,GA,415,9,35,84,287,255,1,205
Hancock,GA,23,2,4,1,16,24,28,4
Haralson,GA,73,,3,5,65,231,315,745
Harris,GA,37,3,1,10,23,76,287,42
Hart,GA,53,,,8,45,167,253,43
Heard,GA,13,1,,1,11,65,103,37
Henry,GA,217,3,4,37,173,384,428,1
Houston,GA,371,4,39,93,235,171,1,145
Irwin,GA,24,,4,7,13,63,179,27
Jackson,GA,142,3,4,4,131,107,277,749
Jasper,GA,10,,,1,9,92,128,21
Jeff Davis,GA,36,2,,4,30,79,392,43
Jefferson,GA,72,,1,3,68,77,204,26
Jenkins,GA,53,2,,5,46,28,44,5
Johnson,GA,20,,,1,19,18,14,3
Jones,GA,30,1,,3,26,152,388,59
Lamar,GA,31,1,3,1,26,43,82,12
Lanier,GA,2,,1,,1,2,,1
Laurens,GA,144,1,12,35,96,721,353,1
Lee,GA,42,,4,8,30,134,501,39
Liberty,GA,247,3,19,56,169,678,555,2
Lincoln,GA,6,,,,6,25,46,1
Long,GA,16,,,5,11,80,74,19
Lowndes,GA,415,5,50,124,236,703,805,3
Lumpkin,GA,26,1,2,1,22,142,446,39
McDuffie,GA,31,,7,10,14,109,356,41
McIntosh,GA,33,,2,2,29,53,250,25
Macon,GA,50,,2,7,41,65,162,17
Madison,GA,61,,6,5,50,59,470,27
Marion,GA,9,,,2,7,11,11,3
Meriwether,GA,65,,1,11,53,145,436,84
Miller,GA,11,,3,2,6,18,84,2
Mitchell,GA,29,,2,8,19,78,293,16
Monroe,GA,1,,,1,,128,212,46
Montgomery,GA,1,,,,1,2,8,
Morgan,GA,26,,1,10,15,39,141,10
Murray,GA,59,,,4,55,207,446,49
Muscogee,GA,905,25,31,395,454,12,575,2
Newton,GA,116,3,8,22,83,998,530,1
Oconee,GA,16,,3,4,9,68,235,31
Oglethorpe,GA,5,,,,5,17,52,9
Paulding,GA,259,,15,13,231,234,483,1
Peach,GA,106,,2,18,86,156,476,47
Pickens,GA,8,,,2,6,100,272,33
Pierce,GA,15,,,3,12,45,305,9
Pike,GA,26,,,6,20,39,107,19
Polk,GA,145,4,14,23,104,360,359,915
Pulaski,GA,5,,,1,4,28,41,7
Putnam,GA,41,1,2,3,35,83,164,15
Quitman,GA,8,,,1,7,19,44,1
Rabun,GA,21,,,1,20,75,228,35
Randolph,GA,15,,1,1,13,35,34,2
Richmond,GA,838,14,155,467,202,407,2,624
Rockdale,GA,389,5,16,72,296,536,642,2
Schley,GA,7,,1,,6,9,25,6
Screven,GA,29,,1,6,22,60,119,2
Seminole,GA,25,,,7,18,36,102,11
Spalding,GA,327,2,25,63,237,580,584,1
Stephens,GA,31,,6,3,22,127,248,65
Stewart,GA,14,,,1,13,20,9,3
Sumter,GA,93,1,,16,76,177,408,730
Talbot,GA,3,,1,1,1,12,12,2
Taliaferro,GA,2,,,1,1,15,20,5
Tattnall,GA,78,3,2,5,68,114,379,33
Taylor,GA,2,,1,,1,7,3,2
Telfair,GA,51,1,,2,48,44,123,6
Terrell,GA,41,,3,15,23,60,147,8
Thomas,GA,123,,7,24,92,647,386,1
Tift,GA,506,3,13,60,430,604,461,1
Toombs,GA,77,2,3,24,48,158,481,31
Towns,GA,11,1,,,10,53,159,11
Treutlen,GA,7,,,4,3,56,78,13
Troup,GA,228,1,25,65,137,077,457,2
Turner,GA,8,,1,,7,16,56,9
Twiggs,GA,14,1,3,,10,3,11,4
Union,GA,4,,1,1,2,50,35,17
Upson,GA,139,3,4,16,116,179,687,50
Walker,GA,87,3,,14,70,470,497,1
Walton,GA,86,5,6,14,61,332,318,838
Ware,GA,123,2,7,41,73,686,342,1
Warren,GA,4,,1,1,2,11,27,1
Washington,GA,88,,3,23,62,114,492,42
Wayne,GA,32,,,2,30,13,40,1
Webster,GA,,,,,,6,4,1
Wheeler,GA,,,,,,8,5,4
White,GA,51,2,4,3,42,164,464,96
Whitfield,GA,375,6,25,54,290,471,808,3
Wilcox,GA,12,,,1,11,11,15,
Wilkes,GA,44,,4,6,34,77,102,16
Wilkinson,GA,22,,,2,20,53,92,16
Worth,GA,30,,,1,29,70,195,15
Hawaii,HI,290,3,86,53,148,929,1,162
Honolulu,HI,2,507,26,222,818,2,302,44
Kalawao,HI,,,,,,,,
Kauai,HI,208,2,37,22,147,493,526,1
Maui,HI,269,2,16,70,181,848,1,791
Ada,ID,1,091,4,196,93,9,478,1
Adams,ID,4,,,,4,8,34,1
Bannock,ID,226,1,22,16,187,891,402,2
Bear Lake,ID,4,,2,,2,2,22,1
Benewah,ID,20,,2,,18,17,45,4
Bingham,ID,40,,6,2,32,189,641,51
Blaine,ID,26,,2,,24,109,254,19
Boise,ID,12,,1,,11,34,91,4
Bonner,ID,58,1,8,1,48,185,678,64
Bonneville,ID,188,4,44,11,129,946,474,2
Boundary,ID,24,,2,,22,34,99,6
Butte,ID,4,,,,4,6,26,3
Camas,ID,2,,,,2,1,1,
Canyon,ID,533,12,126,50,345,521,1,136
Caribou,ID,8,,,,8,20,49,4
Cassia,ID,87,,6,2,79,189,506,35
Clark,ID,1,,,,1,2,23,2
Clearwater,ID,15,,3,,12,40,121,10
Custer,ID,5,,,,5,6,53,4
Elmore,ID,46,1,12,1,32,134,467,56
Franklin,ID,4,,1,,3,27,79,3
Fremont,ID,17,,5,,12,19,102,3
Gem,ID,18,,7,,11,27,139,16
Gooding,ID,18,,4,2,12,33,116,6
Idaho,ID,33,,2,,31,39,170,16
Jefferson,ID,22,2,2,1,17,12,166,7
Jerome,ID,45,1,7,6,31,116,329,39
Kootenai,ID,337,1,51,18,267,185,985,2
Latah,ID,31,1,3,2,25,158,592,24
Lemhi,ID,10,,1,,9,17,52,2
Lewis,ID,11,,3,,8,35,33,3
Lincoln,ID,6,,1,,5,11,2,
Madison,ID,9,,2,1,6,29,245,9
Minidoka,ID,37,,8,1,28,99,261,26
Nez Perce,ID,33,1,5,4,23,469,221,1
Oneida,ID,3,,,,3,20,18,8
Owyhee,ID,20,,1,,19,79,103,21
Payette,ID,46,,7,5,34,128,389,29
Power,ID,14,,3,,11,35,170,13
Shoshone,ID,55,1,9,1,44,92,176,17
Teton,ID,18,,5,1,12,27,87,5
Twin Falls,ID,228,1,28,23,176,990,742,2
Valley,ID,20,,4,,16,68,165,27
Washington,ID,19,,2,,17,52,123,9
Adams,IL,,,,,,,,
Alexander,IL,,,,,,,,
Bond,IL,,,,,,,,
Boone,IL,,,,,,,,
Brown,IL,,,,,,,,
Bureau,IL,,,,,,,,
Calhoun,IL,,,,,,,,
Carroll,IL,,,,,,,,
Cass,IL,,,,,,,,
Champaign,IL,,,,,,,,
Christian,IL,,,,,,,,
Clark,IL,,,,,,,,
Clay,IL,,,,,,,,
Clinton,IL,,,,,,,,
Coles,IL,,,,,,,,
Cook,IL,,448,,15,912,,140,602
Crawford,IL,,,,,,,,
Cumberland,IL,,,,,,,,
DeKalb,IL,,,,,,,,
De Witt,IL,,,,,,,,
Douglas,IL,,,,,,,,
DuPage,IL,,5,,56,195,963,458,2
Edgar,IL,,,,,,,,
Edwards,IL,,,,,,,,
Effingham,IL,,,,,,,,
Fayette,IL,,,,,,,,
Ford,IL,,,,,,,,
Franklin,IL,,,,,,,,
Fulton,IL,,,,,,,,
Gallatin,IL,,,,,,,,
Greene,IL,,,,,,,,
Grundy,IL,,,,,,,,
Hamilton,IL,,,,,,,,
Hancock,IL,,,,,,,,
Hardin,IL,,,,,,,,
Henderson,IL,,,,,,,,
Henry,IL,,,,,,,,
Iroquois,IL,,,,,,,,
Jackson,IL,,,,,,,,
Jasper,IL,,,,,,,,
Jefferson,IL,,,,,,,,
Jersey,IL,,,,,,,,
Jo Daviess,IL,,,,,,,,
Johnson,IL,,,,,,,,
Kane,IL,,12,,108,346,607,625,2
Kankakee,IL,,,,,,,,
Kendall,IL,,,,4,8,19,68,5
Knox,IL,,,,,,,,
Lake,IL,,,,,,,,
LaSalle,IL,,,,,,,,
Lawrence,IL,,,,,,,,
Lee,IL,,,,,,,,
Livingston,IL,,,,,,,,
Logan,IL,,,,,,,,
McDonough,IL,,,,,,,,
McHenry,IL,,,,,,,,
McLean,IL,,,,,,,,
Macon,IL,,,,,,,,
Macoupin,IL,,,,,,,,
Madison,IL,,,,,,,,
Marion,IL,,,,,,,,
Marshall,IL,,,,,,,,
Mason,IL,,,,,,,,
Massac,IL,,,,,,,,
Menard,IL,,,,,,,,
Mercer,IL,,,,,,,,
Monroe,IL,,,,,,,,
Montgomery,IL,,,,,,,,
Morgan,IL,,,,,,,,
Moultrie,IL,,,,,,,,
Ogle,IL,,,,,,,,
Peoria,IL,,14,,343,523,928,1,760
Perry,IL,,,,,,,,
Piatt,IL,,,,,,,,
Pike,IL,,,,,,,,
Pope,IL,,,,,,,,
Pulaski,IL,,,,,,,,
Putnam,IL,,,,,,,,
Randolph,IL,,,,,,,,
Richland,IL,,,,,,,,
Rock Island,IL,,,,,,,,
St. Clair,IL,,,,,,,,
Saline,IL,,,,,,,,
Sangamon,IL,,10,,285,1,8,133,1
Schuyler,IL,,,,,,,,
Scott,IL,,,,,,,,
Shelby,IL,,,,,,,,
Stark,IL,,,,,,,,
Stephenson,IL,,,,,,,,
Tazewell,IL,,,,,,,,
Union,IL,,,,,,,,
Vermilion,IL,,,,,,,,
Wabash,IL,,,,,,,,
Warren,IL,,,,,,,,
Washington,IL,,,,,,,,
Wayne,IL,,,,,,,,
White,IL,,,,,,,,
Whiteside,IL,,,,,,,,
Will,IL,,9,,173,376,724,921,3
Williamson,IL,,,,,,,,
Winnebago,IL,,8,,509,714,818,2,607
Woodford,IL,,,,,,,,
Adams,IN,15,,,2,13,30,175,21
Allen,IN,765,23,109,331,302,758,2,474
Bartholomew,IN,108,,10,15,83,729,252,2
Benton,IN,,,,,,,,
Blackford,IN,11,1,,1,9,48,242,16
Boone,IN,3,,1,,2,,4,2
Brown,IN,4,1,,1,2,28,38,2
Carroll,IN,8,,,1,7,7,17,3
Cass,IN,62,1,9,5,47,058,182,823
Clark,IN,250,3,39,76,132,027,765,2
Clay,IN,35,1,2,3,29,76,226,32
Clinton,IN,28,,6,9,13,079,184,848
Crawford,IN,14,1,,3,10,16,22,1
Daviess,IN,11,,,1,10,49,103,15
Dearborn,IN,191,,1,3,187,113,257,75
Decatur,IN,15,,1,2,12,62,299,9
DeKalb,IN,26,,3,10,13,96,310,26
Delaware,IN,412,7,139,88,178,117,691,3
Dubois,IN,22,,4,7,11,51,321,18
Elkhart,IN,350,2,62,183,103,579,1,552
Fayette,IN,43,,5,9,29,284,216,1
Floyd,IN,218,5,17,80,116,185,584,2
Fountain,IN,22,,,3,19,15,31,3
Franklin,IN,23,,,3,20,91,129,18
Fulton,IN,1,,,,1,2,7,1
Gibson,IN,12,,5,2,5,1,36,12
Grant,IN,135,,20,67,48,487,524,1
Greene,IN,21,,2,6,13,76,193,16
Hamilton,IN,110,1,22,24,63,004,460,2
Hancock,IN,27,1,6,7,13,180,521,37
Harrison,IN,49,4,9,4,32,344,451,98
Hendricks,IN,135,3,12,22,98,372,484,1
Henry,IN,39,2,12,11,14,514,565,1
Howard,IN,259,5,28,54,172,482,633,2
Huntington,IN,34,,4,6,24,68,365,20
Jackson,IN,111,,10,3,98,247,122,1
Jasper,IN,18,,1,,17,30,157,7
Jay,IN,2,,,,2,40,198,3
Jefferson,IN,47,,13,4,30,143,302,29
Jennings,IN,80,,5,1,74,82,242,23
Johnson,IN,361,2,29,31,299,038,341,3
Knox,IN,54,1,11,8,34,680,393,1
Kosciusko,IN,50,,13,11,26,484,250,1
LaGrange,IN,21,,1,4,16,65,144,11
Lake,IN,2,732,83,117,828,2,376,17
LaPorte,IN,215,6,20,76,113,895,515,3
Lawrence,IN,31,1,3,6,21,131,543,45
Madison,IN,219,7,36,70,106,421,687,2
Marion,IN,7,372,110,503,2,867,7,072
Marshall,IN,25,,3,3,19,56,522,34
Martin,IN,8,,1,1,6,20,37,9
Miami,IN,22,,,1,21,13,43,4
Monroe,IN,218,2,40,56,120,621,734,2
Montgomery,IN,17,,2,6,9,131,635,16
Morgan,IN,54,,5,11,38,256,119,1
Newton,IN,6,,,1,5,56,76,24
Noble,IN,35,,4,10,21,71,286,45
Ohio,IN,2,,,,2,,9,3
Orange,IN,9,,3,1,5,8,17,
Owen,IN,4,,2,,2,4,7,2
Parke,IN,3,,1,,2,4,12,2
Perry,IN,28,,3,4,21,138,197,29
Pike,IN,5,,,4,1,6,5,
Porter,IN,223,,11,33,179,624,542,2
Posey,IN,9,,3,1,5,60,75,21
Pulaski,IN,1,1,,,,4,11,2
Putnam,IN,160,,7,1,152,232,267,55
Randolph,IN,21,3,8,,10,85,348,20
Ripley,IN,56,,2,11,43,73,220,13
Rush,IN,15,,1,1,13,25,90,1
St. Joseph,IN,1,273,11,109,435,173,12,187
Scott,IN,59,1,3,11,44,76,419,16
Shelby,IN,19,1,1,2,15,81,170,30
Spencer,IN,11,,1,3,7,5,25,3
Starke,IN,15,,3,,12,120,282,63
Steuben,IN,29,,6,2,21,112,189,882
Sullivan,IN,18,1,1,3,13,66,108,11
Switzerland,IN,4,1,,,3,1,10,2
Tippecanoe,IN,310,6,33,80,191,258,1,137
Tipton,IN,32,,,,32,28,112,3
Union,IN,10,,1,,9,9,39,8
Vanderburgh,IN,511,1,40,178,292,146,1,281
Vermillion,IN,10,,,5,5,20,89,19
Vigo,IN,401,,32,117,252,718,1,038
Wabash,IN,18,,5,7,6,74,294,25
Warren,IN,2,,1,,1,,2,1
Warrick,IN,95,,2,6,87,122,515,24
Washington,IN,11,,1,3,7,11,25,7
Wayne,IN,188,1,20,58,109,872,433,1
Wells,IN,18,,2,12,4,75,238,16
White,IN,19,,3,2,14,35,144,14
Whitley,IN,38,,2,4,32,22,134,13
Adair,IA,,,,,,1,24,5
Adams,IA,6,,,,6,29,60,5
Allamakee,IA,,,,,,,,
Appanoose,IA,17,,3,1,13,79,348,40
Audubon,IA,1,,,,1,5,24,
Benton,IA,17,,,,17,56,104,9
Black Hawk,IA,449,3,67,67,312,532,1,072
Boone,IA,31,,,2,29,56,267,24
Bremer,IA,28,,3,,25,40,164,9
Buchanan,IA,4,,,,4,119,205,22
Buena Vista,IA,28,,7,2,19,69,327,23
Butler,IA,7,,1,,6,18,34,3
Calhoun,IA,5,,,1,4,24,69,8
Carroll,IA,8,,,2,6,32,142,12
Cass,IA,5,,,,5,64,168,11
Cedar,IA,8,,1,,7,25,123,11
Cerro Gordo,IA,83,,11,10,62,825,298,1
Cherokee,IA,10,,2,,8,28,138,5
Chickasaw,IA,13,,1,,12,31,36,8
Clarke,IA,7,,,1,6,55,174,12
Clay,IA,3,,,,3,66,271,22
Clayton,IA,12,,1,,11,29,37,10
Clinton,IA,120,,8,18,94,327,278,996
Crawford,IA,1,,,,1,10,68,9
Dallas,IA,61,,6,4,51,150,730,58
Davis,IA,5,,,,5,9,28,1
Decatur,IA,4,,3,,1,,22,2
Delaware,IA,12,,,,12,53,87,8
Des Moines,IA,200,2,12,22,164,506,317,1
Dickinson,IA,9,,2,,7,47,156,3
Dubuque,IA,270,1,9,13,247,250,533,1
Emmet,IA,12,,2,1,9,65,120,7
Fayette,IA,36,,9,,27,59,130,7
Floyd,IA,22,,2,,20,43,145,7
Franklin,IA,10,,,,10,21,66,5
Fremont,IA,,,,,,,,
Greene,IA,,,,,,37,68,4
Grundy,IA,4,,,,4,43,97,6
Guthrie,IA,,,,,,6,18,1
Hamilton,IA,18,,5,1,12,63,225,30
Hancock,IA,7,,,,7,13,44,7
Hardin,IA,18,,4,,14,61,277,12
Harrison,IA,6,1,1,1,3,51,109,14
Henry,IA,28,1,3,,24,89,245,24
Howard,IA,13,,,4,9,39,115,7
Humboldt,IA,3,,,,3,16,47,11
Ida,IA,3,,,,3,1,61,3
Iowa,IA,15,,1,,14,32,89,10
Jackson,IA,11,,3,1,7,49,164,16
Jasper,IA,29,1,,1,27,120,437,50
Jefferson,IA,34,1,3,1,29,76,214,22
Johnson,IA,362,2,47,60,253,192,627,2
Jones,IA,10,,,,10,41,162,10
Keokuk,IA,1,,,,1,5,18,1
Kossuth,IA,14,,5,1,8,65,78,11
Lee,IA,175,,5,2,168,143,689,56
Linn,IA,495,1,54,84,356,664,1,651
Louisa,IA,30,,3,,27,68,75,7
Lucas,IA,9,,1,,8,60,174,13
Lyon,IA,8,,5,,3,22,41,6
Madison,IA,7,,,,7,25,68,11
Mahaska,IA,41,,7,3,31,123,424,23
Marion,IA,54,,5,2,47,92,273,27
Marshall,IA,196,,10,15,171,321,325,928
Mills,IA,35,,5,2,28,77,242,31
Mitchell,IA,2,,,,2,21,56,2
Monona,IA,1,,,,1,4,9,
Monroe,IA,1,,,,1,8,8,2
Montgomery,IA,11,,,,11,64,198,10
Muscatine,IA,149,1,26,3,119,212,655,38
O'Brien,IA,3,,1,,2,21,56,7
Osceola,IA,3,,1,,2,21,62,4
Page,IA,10,,1,1,8,87,186,25
Palo Alto,IA,10,,,,10,8,19,4
Plymouth,IA,33,,8,1,24,62,232,20
Pocahontas,IA,,,,,,2,13,3
Polk,IA,1,520,16,97,354,1,058,17
Pottawattamie,IA,631,2,108,71,450,208,1,311
Poweshiek,IA,17,,1,,16,84,185,22
Ringgold,IA,,,,,,,2,
Sac,IA,3,,,,3,19,56,1
Scott,IA,1,475,7,59,290,1,713,8
Shelby,IA,9,,,,9,7,32,3
Sioux,IA,11,,2,,9,39,102,13
Story,IA,167,,31,16,120,353,559,1
Tama,IA,47,,1,,46,53,84,18
Taylor,IA,2,,,,2,6,16,5
Union,IA,31,,1,1,29,94,146,22
Van Buren,IA,8,,2,,6,25,37,10
Wapello,IA,206,,13,6,187,398,320,1
Warren,IA,62,1,7,1,53,136,468,44
Washington,IA,55,,11,,44,68,95,11
Wayne,IA,4,,,,4,12,35,3
Webster,IA,195,2,17,27,149,204,547,1
Winnebago,IA,6,,1,,5,9,8,3
Winneshiek,IA,18,,2,,16,23,105,8
Woodbury,IA,443,2,49,45,347,415,979,3
Worth,IA,3,,,,3,11,57,10
Wright,IA,6,,1,,5,32,61,3
Allen,KS,,,,,,,5,
Anderson,KS,18,,1,,17,64,103,8
Atchison,KS,44,,7,8,29,117,327,29
Barber,KS,10,1,,,9,16,22,3
Barton,KS,22,1,3,2,16,101,187,9
Bourbon,KS,59,1,3,6,49,205,357,26
Brown,KS,18,,7,1,10,52,140,6
Butler,KS,95,1,15,4,75,732,331,1
Chase,KS,3,,2,,1,22,13,1
Chautauqua,KS,23,1,2,,20,37,64,5
Cherokee,KS,44,,2,2,40,134,476,56
Cheyenne,KS,,,,,,4,12,1
Clark,KS,1,,,,1,3,5,
Clay,KS,26,2,4,,20,59,110,13
Cloud,KS,20,1,2,,17,66,120,17
Coffey,KS,6,1,1,2,2,23,82,4
Comanche,KS,1,,,,1,,1,
Cowley,KS,141,1,19,5,116,303,280,971
Crawford,KS,163,,17,19,127,167,453,1
Decatur,KS,9,,,,9,21,13,6
Dickinson,KS,50,1,12,1,36,78,295,12
Doniphan,KS,19,1,3,,15,47,103,17
Douglas,KS,427,2,58,67,300,941,871,3
Edwards,KS,1,,,1,,4,13,1
Elk,KS,6,,2,,4,17,46,
Ellis,KS,46,2,2,6,36,114,651,27
Ellsworth,KS,6,,2,,4,21,75,7
Finney,KS,152,2,18,17,115,688,288,1
Ford,KS,159,1,21,22,115,615,275,1
Franklin,KS,77,,17,,60,081,245,788
Geary,KS,179,,12,17,150,144,181,915
Gove,KS,4,,,,4,12,25,2
Graham,KS,4,,2,,2,6,28,
Grant,KS,17,,2,,15,28,104,5
Gray,KS,,,,,,11,10,1
Greeley,KS,1,,,,1,4,11,3
Greenwood,KS,9,,2,,7,51,56,13
Hamilton,KS,3,,,,3,6,25,3
Harper,KS,15,,,,15,30,51,6
Harvey,KS,89,,11,4,74,130,680,28
Haskell,KS,9,,,,9,16,24,4
Hodgeman,KS,4,,,,4,14,53,
Jackson,KS,43,,2,2,39,65,248,18
Jefferson,KS,34,,4,,30,115,253,24
Jewell,KS,,,,,,,,
Johnson,KS,978,5,122,160,691,768,1,351
Kearny,KS,12,,5,,7,25,89,4
Kingman,KS,18,,5,,13,38,98,4
Kiowa,KS,3,,,,3,7,16,3
Labette,KS,80,1,4,4,71,182,522,25
Lane,KS,3,,,,3,7,32,
Leavenworth,KS,284,1,24,46,213,091,424,1
Lincoln,KS,8,,2,,6,14,47,2
Linn,KS,25,,3,,22,94,118,18
Logan,KS,5,,1,1,3,11,32,4
Lyon,KS,72,2,16,9,45,581,291,1
McPherson,KS,26,,10,2,14,137,302,16
Marion,KS,12,,4,,8,63,110,6
Marshall,KS,13,,2,,11,13,60,8
Meade,KS,4,,1,,3,18,18,3
Miami,KS,76,,7,2,67,223,547,56
Mitchell,KS,8,,5,,3,34,57,2
Montgomery,KS,153,1,10,29,113,577,471,1
Morris,KS,3,,1,1,1,31,57,2
Morton,KS,12,1,,,11,19,35,2
Nemaha,KS,10,,1,,9,36,66,6
Neosho,KS,50,,7,2,41,137,368,23
Ness,KS,1,,,,1,12,12,
Norton,KS,2,,1,,1,11,14,2
Osage,KS,42,1,4,3,34,132,184,19
Osborne,KS,2,,,,2,17,13,2
Ottawa,KS,6,,,,6,44,52,6
Pawnee,KS,39,,2,,37,46,175,7
Phillips,KS,,,,,,7,19,2
Pottawatomie,KS,26,,3,1,22,89,234,18
Pratt,KS,23,,2,1,20,28,176,7
Rawlins,KS,7,,4,,3,8,14,1
Reno,KS,273,,44,24,205,191,689,2
Republic,KS,4,,1,,3,56,52,9
Rice,KS,18,,3,1,14,29,122,11
Riley,KS,173,3,29,19,122,764,288,1
Rooks,KS,5,,,,5,21,15,1
Rush,KS,2,,,,2,16,10,1
Russell,KS,25,3,3,1,18,38,99,15
Saline,KS,187,1,44,12,130,925,396,2
Scott,KS,16,1,,,15,28,82,4
Sedgwick,KS,3,070,31,273,636,2,180,24
Seward,KS,95,3,11,12,69,307,268,976
Shawnee,KS,736,8,57,258,413,10,245,1
Sheridan,KS,,,,,,2,7,2
Sherman,KS,22,1,3,1,17,37,143,8
Smith,KS,1,,,,1,13,22,2
Stafford,KS,4,,1,,3,24,62,4
Stanton,KS,,,,,,14,8,3
Stevens,KS,20,,1,,19,45,79,4
Sumner,KS,63,,5,1,57,144,493,35
Thomas,KS,30,,2,3,25,36,210,5
Trego,KS,3,,,2,1,7,14,1
Wabaunsee,KS,7,,1,,6,52,85,10
Wallace,KS,2,,,,2,1,1,
Washington,KS,2,,1,,1,10,9,
Wichita,KS,9,,,,9,15,19,5
Wilson,KS,15,,1,1,13,82,118,10
Woodson,KS,6,,,1,5,30,38,5
Wyandotte,KS,1,063,40,114,355,13,806,1
Adair,KY,6,,1,,5,14,37,5
Allen,KY,12,1,1,1,9,27,64,10
Anderson,KY,12,,2,2,8,82,201,10
Ballard,KY,8,,1,,7,23,66,11
Barren,KY,20,,2,6,12,140,348,38
Bath,KY,2,,,,2,14,24,7
Bell,KY,10,1,,,9,40,103,20
Boone,KY,200,2,27,44,127,771,431,2
Bourbon,KY,20,,1,6,13,75,201,30
Boyd,KY,127,,9,26,92,568,268,1
Boyle,KY,27,,5,7,15,160,401,38
Bracken,KY,1,,,,1,2,2,1
Breathitt,KY,5,,,,5,14,52,8
Breckinridge,KY,3,,1,1,1,34,30,8
Bullitt,KY,59,1,8,12,38,296,610,65
Butler,KY,4,,,,4,13,15,5
Caldwell,KY,15,,2,3,10,46,160,7
Calloway,KY,49,1,11,8,29,014,278,679
Campbell,KY,54,3,27,7,17,109,509,36
Carlisle,KY,,,,,,2,3,
Carroll,KY,12,,1,1,10,30,87,8
Carter,KY,11,,2,1,8,78,110,22
Casey,KY,,,,,,16,31,
Christian,KY,156,2,18,64,72,166,576,1
Clark,KY,58,,2,22,34,078,221,793
Clay,KY,29,,6,1,22,73,142,33
Clinton,KY,2,,,,2,8,11,1
Crittenden,KY,5,,1,,4,36,71,3
Cumberland,KY,,,,,,,3,
Daviess,KY,194,1,17,42,134,863,667,2
Edmonson,KY,5,,2,1,2,22,39,5
Elliott,KY,,,,,,,,
Estill,KY,10,,1,3,6,46,76,5
Fayette,KY,1,317,24,146,577,888,10,886
Fleming,KY,3,,,,3,25,33,7
Floyd,KY,14,,,1,13,30,170,11
Franklin,KY,96,1,12,15,68,411,308,1
Fulton,KY,18,,2,2,14,36,160,19
Gallatin,KY,5,,,,5,18,37,11
Garrard,KY,10,,2,2,6,48,172,7
Grant,KY,2,,,1,1,15,54,5
Graves,KY,56,2,4,17,33,157,241,39
Grayson,KY,13,,4,1,8,98,157,34
Green,KY,,,,,,1,,
Greenup,KY,5,,,3,2,30,108,15
Hancock,KY,,,,,,5,19,2
Hardin,KY,157,2,25,44,86,125,428,1
Harlan,KY,22,,1,4,17,37,213,8
Harrison,KY,9,,1,2,6,29,183,18
Hart,KY,6,,1,,5,51,121,7
Henderson,KY,,,,,,,,
Henry,KY,15,1,5,1,8,15,12,2
Hickman,KY,1,,,,1,24,24,
Hopkins,KY,90,1,15,7,67,280,249,940
Jackson,KY,,,,,,8,8,2
Jefferson,KY,3,542,66,228,1,666,3,323
Jessamine,KY,14,,5,1,8,85,160,26
Johnson,KY,7,,1,1,5,22,145,25
Kenton,KY,147,1,15,44,87,934,343,1
Knott,KY,1,,,,1,15,52,1
Knox,KY,9,,1,3,5,41,117,32
Larue,KY,18,,2,2,14,49,78,17
Laurel,KY,32,1,3,6,22,012,205,690
Lawrence,KY,,,,,,9,21,3
Lee,KY,1,,,,1,3,12,5
Leslie,KY,,,,,,,,
Letcher,KY,6,,,,6,35,77,17
Lewis,KY,3,1,1,,1,45,73,6
Lincoln,KY,2,,,,2,28,43,4
Livingston,KY,4,,,1,3,77,76,7
Logan,KY,53,,7,3,43,162,361,16
Lyon,KY,6,,,,6,12,33,
McCracken,KY,260,9,31,66,154,957,273,1
McCreary,KY,2,,,2,,25,45,9
McLean,KY,,,,,,22,10,2
Madison,KY,59,,7,13,39,559,298,1
Magoffin,KY,1,,,,1,9,16,9
Marion,KY,,,,,,,,
Marshall,KY,33,5,5,2,21,184,289,35
Martin,KY,1,,,,1,10,25,27
Mason,KY,49,,3,13,33,176,412,44
Meade,KY,10,,1,1,8,95,101,22
Menifee,KY,1,,,,1,9,19,1
Mercer,KY,28,,2,3,23,92,116,17
Metcalfe,KY,4,,,3,1,15,35,6
Monroe,KY,,,,,,,,
Montgomery,KY,11,,,1,10,87,460,38
Morgan,KY,,,,,,,,
Muhlenberg,KY,5,,,,5,15,44,6
Nelson,KY,26,2,5,2,17,66,170,17
Nicholas,KY,4,,,,4,11,17,3
Ohio,KY,7,,1,,6,76,109,17
Oldham,KY,17,1,3,4,9,88,292,45
Owen,KY,4,,1,,3,52,23,1
Owsley,KY,,,,,,4,11,1
Pendleton,KY,1,,,,1,22,59,2
Perry,KY,41,1,4,17,19,106,331,31
Pike,KY,13,,,3,10,57,372,22
Powell,KY,6,,,1,5,42,134,6
Pulaski,KY,51,,9,15,27,582,351,1
Robertson,KY,,,,,,,,
Rockcastle,KY,16,,2,4,10,64,89,18
Rowan,KY,17,,2,3,12,26,199,11
Russell,KY,1,,,,1,18,23,
Scott,KY,46,,6,11,29,072,182,839
Shelby,KY,39,,2,13,24,146,372,70
Simpson,KY,28,,4,11,13,108,338,37
Spencer,KY,3,,,,3,12,23,5
Taylor,KY,46,1,9,14,22,137,329,18
Todd,KY,8,,,1,7,26,38,2
Trigg,KY,7,,,,7,37,99,14
Trimble,KY,1,,,1,,2,5,5
Union,KY,9,,1,,8,39,68,8
Warren,KY,291,1,33,74,183,116,561,2
Washington,KY,,,,,,,,
Wayne,KY,7,,2,2,3,48,70,8
Webster,KY,8,,1,3,4,7,22,5
Whitley,KY,22,1,4,8,9,81,202,28
Wolfe,KY,1,,,,1,10,20,4
Woodford,KY,90,,4,8,78,84,358,22
Acadia,LA,110,1,10,15,84,330,273,982
Allen,LA,23,,,1,22,2,32,
Ascension,LA,446,10,39,34,363,297,583,2
Assumption,LA,225,,5,5,215,91,332,26
Avoyelles,LA,38,,11,8,19,203,306,10
Beauregard,LA,105,2,13,6,84,184,340,26
Bienville,LA,42,1,5,7,29,42,73,3
Bossier,LA,1,325,4,39,70,610,3,994
Caddo,LA,2,396,35,160,700,2,075,16
Calcasieu,LA,966,12,117,217,620,9,010,2
Caldwell,LA,34,,,,34,41,45,9
Cameron,LA,42,,1,1,40,34,164,21
Catahoula,LA,6,,,,6,68,60,8
Claiborne,LA,54,,2,6,46,112,162,5
Concordia,LA,71,2,3,12,54,126,432,27
De Soto,LA,103,1,6,4,92,159,551,69
East Baton Rouge,LA,3,158,60,129,1,863,3,297
East Carroll,LA,51,5,2,6,38,55,111,16
East Feliciana,LA,75,1,2,1,71,89,139,21
Evangeline,LA,78,,9,5,64,194,432,62
Franklin,LA,25,2,,,23,60,150,12
Grant,LA,60,1,3,,56,132,334,41
Iberia,LA,33,,1,8,24,37,196,20
Iberville,LA,221,1,10,5,205,142,596,24
Jackson,LA,3,,,1,2,26,67,1
Jefferson,LA,3,041,52,215,872,3,297,21
Jefferson Davis,LA,263,3,16,23,221,181,283,828
Lafayette,LA,1,301,7,114,195,190,9,224
Lafourche,LA,297,4,29,40,224,759,480,2
La Salle,LA,20,1,1,1,17,15,122,3
Lincoln,LA,134,2,4,37,91,451,383,1
Livingston,LA,301,2,15,27,257,251,751,1
Madison,LA,38,,,,38,22,86,22
Morehouse,LA,80,1,6,11,62,249,693,42
Natchitoches,LA,295,2,8,31,254,969,730,1
Orleans,LA,4,477,264,189,1,181,5,174
Ouachita,LA,1,275,8,57,162,1,241,8
Plaquemines,LA,79,2,2,8,67,111,242,62
Pointe Coupee,LA,74,,2,2,70,65,253,23
Rapides,LA,1,248,11,35,205,6,561,1
Red River,LA,41,1,1,2,37,50,99,9
Richland,LA,9,,1,1,7,60,141,13
Sabine,LA,76,,1,4,71,92,230,18
St. Bernard,LA,210,3,9,45,153,118,368,1
St. Charles,LA,228,2,5,32,189,631,392,1
St. Helena,LA,42,1,3,3,35,47,102,13
St. James,LA,208,,2,9,197,171,498,37
St. John the Baptist,LA,118,10,9,38,61,230,276,834
St. Landry,LA,196,4,14,25,153,867,621,1
St. Martin,LA,3,,,3,,49,211,31
St. Mary,LA,394,1,25,53,315,928,360,1
St. Tammany,LA,745,5,54,102,584,159,1,112
Tangipahoa,LA,884,3,33,56,792,168,1,466
Tensas,LA,29,2,2,,25,20,53,3
Terrebonne,LA,776,12,63,126,575,700,1,383
Union,LA,82,1,3,3,75,81,187,3
Vermilion,LA,108,,,7,101,116,398,22
Vernon,LA,159,6,7,6,140,140,766,27
Washington,LA,216,1,20,48,147,662,466,1
Webster,LA,121,3,3,9,106,249,477,44
West Baton Rouge,LA,133,2,7,26,98,109,731,38
West Carroll,LA,29,1,1,3,24,89,143,27
West Feliciana,LA,33,2,,,31,26,128,10
Winn,LA,12,,,3,9,18,12,1
Androscoggin,ME,123,3,35,35,50,865,547,2
Aroostook,ME,45,2,15,13,15,420,388,970
Cumberland,ME,403,3,74,118,208,434,1,361
Franklin,ME,39,,12,3,24,142,563,31
Hancock,ME,38,1,,4,33,168,238,875
Kennebec,ME,101,1,31,23,46,094,609,2
Knox,ME,34,,8,1,25,128,797,28
Lincoln,ME,11,3,4,2,2,85,414,27
Oxford,ME,61,1,19,3,38,205,307,844
Penobscot,ME,105,1,20,29,55,630,929,3
Piscataquis,ME,24,,4,1,19,81,224,18
Sagadahoc,ME,12,,5,3,4,114,623,23
Somerset,ME,59,1,18,8,32,518,396,1
Waldo,ME,39,1,2,3,33,161,531,28
Washington,ME,55,,8,,47,171,481,26
York,ME,214,1,59,43,111,715,685,2
Allegany,MD,325,,23,27,275,024,488,1
Anne Arundel,MD,3,462,19,110,767,3,429,17
Baltimore,MD,6,180,29,198,1,388,6,199
Calvert,MD,228,1,10,13,204,317,289,954
Caroline,MD,146,,12,10,124,204,558,77
Carroll,MD,415,,47,48,320,485,456,1
Cecil,MD,431,2,18,60,351,957,753,1
Charles,MD,736,5,32,159,540,205,778,2
Dorchester,MD,137,3,10,15,109,152,261,799
Frederick,MD,873,1,39,177,656,739,657,2
Garrett,MD,55,1,,2,52,100,320,16
Harford,MD,885,3,45,214,623,361,1,112
Howard,MD,609,1,40,224,344,856,1,167
Kent,MD,58,,3,8,47,140,211,29
Montgomery,MD,2,060,18,149,856,1,873,22
Prince George's,MD,8,189,146,294,4,649,7,409
Queen Anne's,MD,78,1,5,13,59,187,668,20
St. Mary's,MD,308,3,12,32,261,909,488,1
Somerset,MD,135,1,9,21,104,192,455,26
Talbot,MD,139,1,9,30,99,173,669,36
Washington,MD,536,5,17,88,426,107,699,2
Wicomico,MD,792,5,32,205,550,814,914,2
Worcester,MD,401,,21,42,338,138,321,1
Baltimore city,MD,11,760,276,182,4,217,16,061
Barnstable,MA,1,006,7,57,80,169,5,300
Berkshire,MA,326,,46,19,261,704,550,1
Bristol,MA,3,197,11,198,640,2,985,14
Dukes,MA,31,,2,1,28,29,195,9
Essex,MA,2,591,12,128,507,3,198,15
Franklin,MA,350,2,17,20,311,212,516,607
Hampden,MA,4,161,22,261,885,5,044,19
Hampshire,MA,409,2,48,42,317,847,844,1
Middlesex,MA,3,713,19,203,1,441,3,536
Nantucket,MA,45,1,3,2,39,50,137,23
Norfolk,MA,1,295,3,90,298,089,9,564
Plymouth,MA,2,016,11,105,333,2,092,8
Suffolk,MA,8,106,67,313,2,872,8,356
Worcester,MA,2,935,13,274,622,4,192,15
Alcona,MI,10,,3,,7,100,139,6
Alger,MI,9,,2,1,6,40,49,15
Allegan,MI,251,2,52,14,183,729,404,1
Alpena,MI,62,1,25,3,33,188,441,17
Antrim,MI,33,,5,1,27,115,272,22
Arenac,MI,46,2,18,,26,99,179,18
Baraga,MI,16,,4,,12,19,35,5
Barry,MI,107,3,27,2,75,248,599,60
Bay,MI,312,2,79,47,184,768,580,1
Benzie,MI,34,,12,,22,77,181,20
Berrien,MI,859,5,128,107,619,966,1,064
Branch,MI,116,,25,4,87,086,225,806
Calhoun,MI,944,9,143,128,664,6,126,1
Cass,MI,102,1,30,14,57,232,345,825
Charlevoix,MI,36,1,13,,22,80,356,15
Cheboygan,MI,45,,23,2,20,142,418,37
Chippewa,MI,77,,19,3,55,181,539,51
Clare,MI,79,1,12,8,58,185,467,656
Clinton,MI,73,,13,2,58,193,567,53
Crawford,MI,41,1,14,,26,82,159,26
Delta,MI,39,,15,,24,97,175,15
Dickinson,MI,43,3,21,3,16,69,448,19
Eaton,MI,247,1,53,45,148,430,458,1
Emmet,MI,57,,21,8,28,147,502,19
Genesee,MI,3,410,51,277,723,2,860,17
Gladwin,MI,59,,16,1,42,134,226,25
Gogebic,MI,21,,7,,14,30,69,5
Grand Traverse,MI,190,,66,9,115,669,304,1
Gratiot,MI,76,,37,3,36,123,456,26
Hillsdale,MI,102,,29,11,62,012,274,684
Houghton,MI,51,,19,2,30,81,434,27
Huron,MI,40,,16,,24,125,479,15
Ingham,MI,1,634,18,215,315,1,583,9
Ionia,MI,182,1,55,8,118,422,326,1
Iosco,MI,48,,13,,35,215,422,32
Iron,MI,26,,4,2,20,59,125,11
Isabella,MI,160,1,49,22,88,549,318,1
Jackson,MI,681,4,174,94,409,482,985,3
Kalamazoo,MI,889,4,110,204,571,9,718,1
Kalkaska,MI,41,,25,,16,147,292,9
Kent,MI,3,018,20,266,713,2,991,20
Keweenaw,MI,2,,,,2,14,32,3
Lake,MI,56,,12,2,42,119,147,10
Lapeer,MI,151,1,34,9,107,498,280,1
Leelanau,MI,19,3,5,1,10,56,165,11
Lenawee,MI,303,1,72,29,201,829,383,1
Livingston,MI,214,2,39,26,147,536,504,1
Luce,MI,16,,10,,6,23,35,10
Mackinac,MI,26,,9,,17,67,317,14
Macomb,MI,2,421,16,231,488,2,617,19
Manistee,MI,52,1,20,1,30,133,289,26
Marquette,MI,92,,38,4,50,335,241,1
Mason,MI,95,3,26,4,62,178,651,20
Mecosta,MI,99,1,31,6,61,227,258,909
Menominee,MI,36,,12,,24,151,353,14
Midland,MI,149,1,42,12,94,338,195,1
Missaukee,MI,28,,6,,22,98,129,12
Monroe,MI,305,,69,36,200,388,787,2
Montcalm,MI,137,,59,4,74,493,444,952
Montmorency,MI,15,,6,,9,37,44,11
Muskegon,MI,994,4,141,150,699,716,1,543
Newaygo,MI,166,2,45,2,117,235,358,789
Oakland,MI,4,091,15,418,821,3,725,28
Oceana,MI,63,4,15,2,42,126,329,21
Ogemaw,MI,49,,13,1,35,166,329,18
Ontonagon,MI,13,,2,,11,26,51,7
Osceola,MI,62,1,25,,36,136,285,24
Oscoda,MI,16,3,6,,7,83,156,10
Otsego,MI,57,,13,1,43,162,354,31
Ottawa,MI,475,2,176,31,266,999,1,014
Presque Isle,MI,5,,2,,3,38,47,6
Roscommon,MI,69,,22,5,42,242,525,58
Saginaw,MI,2,211,24,142,265,1,650,7
St. Clair,MI,450,1,91,35,323,567,656,2
St. Joseph,MI,244,,66,15,163,837,383,1
Sanilac,MI,64,,16,1,47,172,387,29
Schoolcraft,MI,18,1,6,,11,58,55,9
Shiawassee,MI,197,1,45,14,137,352,297,954
Tuscola,MI,73,,29,1,43,196,429,43
Van Buren,MI,270,1,46,18,205,466,595,1
Washtenaw,MI,1,091,9,125,268,045,9,844
Wayne,MI,20,021,414,1,067,12,052,26
Wexford,MI,91,1,33,3,54,172,777,33
Aitkin,MN,31,,12,,19,228,269,47
Anoka,MN,516,4,93,97,322,447,1,577
Becker,MN,48,,10,4,34,97,428,74
Beltrami,MN,140,,30,8,102,614,256,1
Benton,MN,70,,24,9,37,145,787,59
Big Stone,MN,7,,2,,5,31,40,13
Blue Earth,MN,97,1,43,7,46,198,410,1
Brown,MN,15,,5,1,9,57,258,15
Carlton,MN,41,,14,1,26,150,692,53
Carver,MN,61,,9,8,44,116,151,912
Cass,MN,122,,58,11,53,140,277,768
Chippewa,MN,10,,2,,8,31,171,13
Chisago,MN,36,,7,8,21,354,220,1
Clay,MN,80,1,27,14,38,156,159,914
Clearwater,MN,10,,4,,6,50,112,16
Cook,MN,4,,,,4,35,96,6
Cottonwood,MN,13,1,5,1,6,35,128,9
Crow Wing,MN,118,1,30,6,81,188,395,1
Dakota,MN,438,4,86,112,236,015,1,296
Dodge,MN,3,,1,,2,53,178,19
Douglas,MN,37,2,17,3,15,134,547,32
Faribault,MN,10,,1,,9,65,209,26
Fillmore,MN,12,,3,,9,45,87,11
Freeborn,MN,24,,3,1,20,44,449,32
Goodhue,MN,58,,20,7,31,236,210,951
Grant,MN,4,,3,,1,37,62,6
Hennepin,MN,6,065,61,633,2,701,5,949
Houston,MN,15,,4,1,10,31,231,31
Hubbard,MN,35,1,5,2,27,188,382,62
Isanti,MN,32,,7,5,20,184,542,100
Itasca,MN,32,,4,2,26,170,315,56
Jackson,MN,15,,2,,13,50,132,7
Kanabec,MN,29,1,7,,21,102,311,45
Kandiyohi,MN,64,,26,7,31,156,209,900
Kittson,MN,6,,,,6,13,58,1
Koochiching,MN,16,,8,,8,90,242,24
Lac qui Parle,MN,4,,2,,2,20,56,7
Lake,MN,1,,1,,,40,65,4
Lake of the Woods,MN,5,,2,,3,30,69,3
Le Sueur,MN,12,,4,,8,49,215,25
Lincoln,MN,10,,,,10,11,68,
Lyon,MN,38,,17,2,19,106,412,25
McLeod,MN,63,1,21,1,40,158,656,52
Mahnomen,MN,22,,2,2,18,68,124,17
Marshall,MN,13,,,1,12,19,64,4
Martin,MN,16,,4,1,11,90,395,18
Meeker,MN,35,,27,3,5,129,402,46
Mille Lacs,MN,41,1,11,2,27,165,598,71
Morrison,MN,33,1,6,1,25,102,537,36
Mower,MN,89,1,21,11,56,232,200,964
Murray,MN,10,,3,,7,14,95,8
Nicollet,MN,27,,14,,13,54,559,31
Nobles,MN,16,,1,2,13,108,227,14
Norman,MN,11,,3,1,7,31,29,3
Olmsted,MN,263,,54,69,140,991,496,2
Otter Tail,MN,72,,20,2,50,017,233,720
Pennington,MN,24,1,12,1,10,64,265,13
Pine,MN,41,1,16,3,21,216,371,752
Pipestone,MN,,,,,,17,55,2
Polk,MN,52,,9,2,41,137,350,23
Pope,MN,10,,4,,6,27,60,8
Ramsey,MN,2,731,21,270,765,2,756,21
Red Lake,MN,,,,,,4,7,
Redwood,MN,23,1,6,,16,81,265,30
Renville,MN,24,,8,1,15,63,230,30
Rice,MN,95,,22,8,65,659,422,1
Rock,MN,16,,,,16,13,30,5
Roseau,MN,4,,1,,3,32,246,8
St. Louis,MN,425,,90,65,270,250,1,463
Scott,MN,127,1,25,13,88,566,411,2
Sherburne,MN,101,1,26,8,66,923,237,1
Sibley,MN,,,,,,29,20,3
Stearns,MN,285,,67,36,182,676,499,3
Steele,MN,63,,11,12,40,207,728,39
Stevens,MN,14,,4,1,9,39,82,7
Swift,MN,12,,5,,7,57,114,16
Todd,MN,34,1,16,,17,105,375,30
Traverse,MN,8,,2,,6,13,68,5
Wabasha,MN,14,,5,3,6,34,232,14
Wadena,MN,24,,5,,19,67,191,13
Waseca,MN,32,,5,2,25,87,301,9
Washington,MN,246,,49,30,167,327,843,5
Watonwan,MN,13,,3,1,9,40,184,11
Wilkin,MN,13,,3,,10,30,157,17
Winona,MN,41,3,5,6,27,129,610,38
Wright,MN,96,2,19,12,63,659,283,2
Yellow Medicine,MN,8,,1,1,6,33,56,10
Adams,MS,78,1,16,23,38,852,380,1
Alcorn,MS,60,2,14,22,22,092,185,872
Amite,MS,1,,,,1,6,,3
Attala,MS,35,3,7,,25,221,174,9
Benton,MS,,,,,,,,
Bolivar,MS,39,1,4,18,16,230,630,24
Calhoun,MS,2,,,,2,3,4,1
Carroll,MS,,,,,,,1,
Chickasaw,MS,31,1,2,6,22,47,27,1
Choctaw,MS,,,,,,,,
Claiborne,MS,39,1,,4,34,77,59,
Clarke,MS,,,,,,,,
Clay,MS,47,1,10,9,27,191,343,1
Coahoma,MS,12,5,1,3,3,74,56,43
Copiah,MS,,,,,,,,
Covington,MS,9,,1,7,1,53,129,15
DeSoto,MS,233,3,47,97,86,696,885,3
Forrest,MS,145,3,15,68,59,006,723,2
Franklin,MS,,,,,,,,
George,MS,112,2,2,1,107,96,179,57
Greene,MS,,,,,,,,
Grenada,MS,108,2,13,24,69,259,610,72
Hancock,MS,22,,3,10,9,110,698,40
Harrison,MS,634,10,96,305,223,296,2,690
Hinds,MS,1,334,56,183,693,931,13,494
Holmes,MS,2,,,,2,12,16,1
Humphreys,MS,16,1,3,5,7,58,90,1
Issaquena,MS,,,,,,,,
Itawamba,MS,11,2,4,2,3,95,111,27
Jackson,MS,340,13,68,114,145,863,1,854
Jasper,MS,2,,,2,,11,11,
Jefferson,MS,35,1,,4,30,10,22,
Jefferson Davis,MS,,,,,,,,
Jones,MS,105,7,15,41,42,003,225,1
Kemper,MS,,,,,,,,
Lafayette,MS,27,,4,4,19,67,401,24
Lamar,MS,45,,22,6,17,270,510,60
Lauderdale,MS,203,5,39,89,70,719,1,173
Lawrence,MS,,,,,,,,
Leake,MS,,,,,,,,
Lee,MS,207,4,39,66,98,816,563,2
Leflore,MS,248,9,10,55,174,032,604,1
Lincoln,MS,80,1,3,11,65,180,589,68
Lowndes,MS,166,2,21,41,102,928,353,1
Madison,MS,220,8,23,52,137,880,360,1
Marion,MS,23,,2,3,18,131,242,21
Marshall,MS,167,,3,7,157,80,246,30
Monroe,MS,43,1,9,8,25,124,482,9
Montgomery,MS,2,,1,,1,15,7,1
Neshoba,MS,,,,,,,,
Newton,MS,11,,,3,8,26,57,8
Noxubee,MS,,,,,,,,
Oktibbeha,MS,42,,1,12,29,123,153,947
Panola,MS,111,,7,16,88,326,341,47
Pearl River,MS,75,3,19,12,41,561,413,1
Perry,MS,,,,,,,,
Pike,MS,94,3,7,24,60,327,365,886
Pontotoc,MS,,,,,,44,48,6
Prentiss,MS,11,,,3,8,112,231,3
Quitman,MS,,,,,,,,
Rankin,MS,174,4,36,41,93,026,815,2
Scott,MS,89,,23,14,52,141,178,27
Sharkey,MS,10,,,3,7,38,,
Simpson,MS,35,1,7,3,24,110,283,27
Smith,MS,,,,,,,,
Stone,MS,79,1,13,11,54,164,429,17
Sunflower,MS,75,2,16,14,43,249,414,29
Tallahatchie,MS,,,,,,,,
Tate,MS,25,,1,6,18,190,384,68
Tippah,MS,39,1,1,4,33,57,29,10
Tishomingo,MS,23,,2,11,10,85,35,7
Tunica,MS,141,1,7,32,101,141,391,154
Union,MS,9,1,,1,7,166,239,31
Walthall,MS,24,1,3,1,19,41,10,5
Warren,MS,269,3,29,40,197,547,592,1
Washington,MS,323,10,31,102,180,580,879,2
Wayne,MS,3,,,1,2,27,15,2
Webster,MS,25,,,,25,9,2,
Wilkinson,MS,,,,,,,,
Winston,MS,3,1,,,2,44,7,
Yalobusha,MS,6,1,2,,3,10,16,
Yazoo,MS,,,,,,,,
Adair,MO,72,,2,5,65,105,533,20
Andrew,MO,4,,1,,3,51,117,19
Atchison,MO,15,,,,15,24,9,2
Audrain,MO,49,1,4,3,41,123,263,19
Barry,MO,53,,6,,47,300,607,56
Barton,MO,69,,10,,59,84,243,8
Bates,MO,77,1,1,,75,137,331,11
Benton,MO,46,,1,1,44,168,275,20
Bollinger,MO,33,,4,,29,28,64,1
Boone,MO,525,1,26,120,378,380,663,3
Buchanan,MO,178,6,30,65,77,915,969,3
Butler,MO,140,2,6,35,97,801,368,1
Caldwell,MO,22,,,1,21,33,49,10
Callaway,MO,71,,8,14,49,053,193,809
Camden,MO,59,4,4,8,43,244,272,922
Cape Girardeau,MO,311,1,18,48,244,858,455,2
Carroll,MO,21,,,2,19,31,72,5
Carter,MO,9,,1,,8,14,44,4
Cass,MO,193,,37,18,138,670,392,2
Cedar,MO,28,,1,1,26,106,280,19
Chariton,MO,14,1,1,,12,12,142,5
Christian,MO,77,,6,7,64,291,257,927
Clark,MO,24,,2,,22,42,46,10
Clay,MO,1,619,21,86,437,1,587,10
Clinton,MO,98,,4,,94,95,217,26
Cole,MO,296,,18,45,233,965,363,1
Cooper,MO,44,,,3,41,31,503,5
Crawford,MO,99,1,4,8,86,130,595,61
Dade,MO,11,,3,,8,31,22,5
Dallas,MO,29,3,,,26,68,167,22
Daviess,MO,15,1,,3,11,32,37,16
DeKalb,MO,21,,1,1,19,64,149,12
Dent,MO,42,1,5,,36,71,189,26
Douglas,MO,57,,2,1,54,45,122,19
Dunklin,MO,103,2,4,14,83,222,563,46
Franklin,MO,256,3,11,10,232,497,374,1
Gasconade,MO,37,,,1,36,91,233,33
Gentry,MO,10,,2,,8,18,32,
Greene,MO,955,10,88,189,668,047,2,276
Grundy,MO,9,,1,,8,60,235,8
Harrison,MO,11,1,,1,9,43,86,10
Henry,MO,88,,2,3,83,022,255,707
Hickory,MO,6,1,,1,4,44,62,10
Holt,MO,17,,,1,16,24,61,6
Howard,MO,27,,4,,23,49,37,3
Howell,MO,84,6,6,11,61,287,283,935
Iron,MO,14,1,3,,10,32,56,11
Jackson,MO,6,053,75,326,1,038,6,224
Jasper,MO,341,2,51,92,196,487,1,048
Jefferson,MO,791,1,53,23,714,880,535,3
Johnson,MO,112,,17,6,89,289,337,887
Knox,MO,4,,,,4,24,99,1
Laclede,MO,114,,9,7,98,151,249,864
Lafayette,MO,82,3,4,5,70,183,500,41
Lawrence,MO,68,3,10,4,51,222,606,35
Lewis,MO,23,,3,,20,35,94,5
Lincoln,MO,97,1,2,4,90,119,533,42
Linn,MO,19,,2,,17,70,118,18
Livingston,MO,35,,5,3,27,63,224,29
McDonald,MO,60,2,5,3,50,132,275,53
Macon,MO,53,2,4,4,43,91,181,4
Madison,MO,19,2,3,,14,46,119,12
Maries,MO,28,,1,1,26,24,44,3
Marion,MO,119,,15,25,79,573,218,1
Mercer,MO,6,,,,6,15,1,2
Miller,MO,89,2,7,5,75,125,320,44
Mississippi,MO,63,4,2,6,51,65,275,21
Moniteau,MO,21,,,1,20,54,120,15
Monroe,MO,16,,1,1,14,37,87,10
Montgomery,MO,19,,1,2,16,60,151,18
Morgan,MO,109,,,1,108,218,409,19
New Madrid,MO,54,,2,7,45,132,145,23
Newton,MO,168,2,12,15,139,194,450,1
Nodaway,MO,31,1,,1,29,72,348,20
Oregon,MO,8,1,,,7,14,12,4
Osage,MO,15,,,,15,58,73,11
Ozark,MO,24,1,3,,20,51,36,8
Pemiscot,MO,78,3,6,8,61,208,515,35
Perry,MO,18,,4,,14,60,220,18
Pettis,MO,232,1,7,17,207,908,372,1
Phelps,MO,171,2,14,18,137,567,308,1
Pike,MO,53,4,2,2,45,60,120,12
Platte,MO,613,7,34,170,402,947,724,2
Polk,MO,58,,9,1,48,194,566,48
Pulaski,MO,136,1,8,19,108,171,373,27
Putnam,MO,8,,,,8,11,20,1
Ralls,MO,36,1,2,1,32,63,105,6
Randolph,MO,43,,9,6,28,150,505,28
Ray,MO,39,,5,1,33,122,364,58
Reynolds,MO,11,,3,,8,52,13,3
Ripley,MO,14,,,1,13,108,171,17
St. Charles,MO,560,3,41,79,437,039,979,5
St. Clair,MO,19,1,3,,15,120,171,4
Ste. Genevieve,MO,19,,,3,16,55,142,14
St. Francois,MO,146,4,18,11,113,426,204,1
St. Louis,MO,2,762,31,179,675,2,505,29
Saline,MO,37,,3,8,26,121,404,21
Schuyler,MO,6,,1,,5,8,8,6
Scotland,MO,4,,,,4,15,30,2
Scott,MO,150,2,13,23,112,233,633,56
Shannon,MO,28,,,,28,15,32,9
Shelby,MO,2,,2,,,24,50,7
Stoddard,MO,80,1,5,5,69,153,336,23
Stone,MO,393,1,12,3,377,264,485,63
Sullivan,MO,23,,,1,22,14,34,8
Taney,MO,255,3,15,10,227,638,247,1
Texas,MO,23,,2,1,20,92,182,21
Vernon,MO,102,2,9,7,84,203,607,86
Warren,MO,93,3,1,10,79,103,494,31
Washington,MO,46,1,3,,42,43,232,33
Wayne,MO,38,2,1,,35,78,145,17
Webster,MO,114,1,2,3,108,169,469,31
Worth,MO,6,,,4,2,6,4,1
Wright,MO,15,,,,15,57,225,23
St. Louis city,MO,6,957,113,171,2,041,7,936
Beaverhead,MT,16,,2,1,13,7,86,15
Big Horn,MT,25,1,,,24,19,146,13
Blaine,MT,12,,2,1,9,17,58,6
Broadwater,MT,43,,3,,40,3,237,4
Carbon,MT,4,1,1,,2,5,50,7
Carter,MT,,,,,,,6,
Cascade,MT,262,3,19,19,221,221,318,3
Chouteau,MT,14,1,5,1,7,8,34,2
Custer,MT,,,,,,,,
Daniels,MT,,,,,,,,
Dawson,MT,25,,,,25,20,164,3
Deer Lodge,MT,55,,,2,53,26,143,16
Fallon,MT,2,1,,,1,2,10,
Fergus,MT,19,,6,,13,14,111,6
Flathead,MT,91,,3,7,81,370,102,1
Gallatin,MT,204,4,34,11,155,378,318,1
Garfield,MT,,,,,,,,
Glacier,MT,57,,1,2,54,31,183,8
Golden Valley,MT,1,,,,1,5,4,
Granite,MT,3,,,,3,6,51,
Hill,MT,83,,14,1,68,49,490,25
Jefferson,MT,13,,2,,11,9,44,6
Judith Basin,MT,2,,,,2,1,12,1
Lake,MT,117,1,18,3,95,97,482,57
Lewis and Clark,MT,185,1,31,13,140,386,234,1
Liberty,MT,,,,,,,,
Lincoln,MT,86,,1,1,84,110,434,26
McCone,MT,4,,,,4,,,
Madison,MT,8,,,,8,17,45,6
Meagher,MT,8,,,,8,6,22,2
Mineral,MT,24,,,,24,11,16,6
Missoula,MT,,,,,,,,
Musselshell,MT,19,1,3,,15,12,152,4
Park,MT,89,,9,,80,34,210,23
Petroleum,MT,,,,,,2,,
Phillips,MT,16,,1,,15,7,39,1
Pondera,MT,,,,,,6,34,3
Powder River,MT,,,,,,,,
Powell,MT,39,,3,1,35,22,141,12
Prairie,MT,,,,,,1,2,1
Ravalli,MT,82,1,8,1,72,48,345,10
Richland,MT,,,,,,,,
Roosevelt,MT,1,,,,1,4,11,
Rosebud,MT,27,,3,1,23,26,38,7
Sanders,MT,43,1,1,,41,52,153,9
Sheridan,MT,1,,,,1,6,15,1
Silver Bow,MT,83,2,7,10,64,528,201,1
Stillwater,MT,10,,,1,9,19,80,2
Sweet Grass,MT,8,,,,8,7,27,4
Teton,MT,10,,2,,8,12,41,1
Toole,MT,7,,,,7,15,55,6
Treasure,MT,,,,,,,,
Valley,MT,12,,2,,10,14,114,7
Wheatland,MT,,,,,,1,1,
Wibaux,MT,,,,,,,1,1
Yellowstone,MT,281,5,33,59,184,793,738,4
Yellowstone National Park,MT,,,,,,,,
Adams,NE,65,1,18,3,43,082,188,852
Antelope,NE,1,,,,1,16,18,3
Arthur,NE,,,,,,,,
Banner,NE,,,,,,,,
Blaine,NE,,,,,,,,
Boone,NE,,,,,,10,19,4
Box Butte,NE,38,,1,1,36,28,179,8
Boyd,NE,,,,,,2,7,1
Brown,NE,1,,,,1,16,36,3
Buffalo,NE,95,,16,3,76,166,185,930
Burt,NE,8,,1,,7,7,28,1
Butler,NE,2,,,,2,11,61,
Cass,NE,11,,4,1,6,23,148,22
Cedar,NE,,,,,,,,
Chase,NE,3,,,,3,8,18,3
Cherry,NE,,,,,,1,12,2
Cheyenne,NE,9,1,2,,6,34,148,7
Clay,NE,3,,,1,2,18,44,
Colfax,NE,18,,1,1,16,21,102,6
Cuming,NE,6,,1,1,4,8,31,10
Custer,NE,8,,2,,6,26,100,9
Dakota,NE,9,,3,1,5,47,200,17
Dawes,NE,5,,4,,1,9,41,10
Dawson,NE,61,,20,4,37,97,525,55
Deuel,NE,,,,,,7,12,1
Dixon,NE,5,,2,,3,18,37,3
Dodge,NE,47,1,10,8,28,109,175,871
Douglas,NE,2,797,20,199,837,3,301,24
Dundy,NE,,,,,,2,15,2
Fillmore,NE,2,,1,,1,15,17,6
Franklin,NE,1,,,,1,9,9,3
Frontier,NE,3,,1,,2,3,24,1
Furnas,NE,3,,,,3,17,27,1
Gage,NE,49,,18,2,29,145,734,37
Garden,NE,1,,,,1,1,9,1
Garfield,NE,1,,1,,,,,
Gosper,NE,,,,,,2,14,
Grant,NE,,,,,,,,
Greeley,NE,,,,,,,,
Hall,NE,146,,25,24,97,947,405,2
Hamilton,NE,9,,1,,8,22,128,5
Harlan,NE,1,,,,1,,1,1
Hayes,NE,,,,,,,,
Hitchcock,NE,,,,,,2,5,
Holt,NE,3,,1,,2,13,35,2
Hooker,NE,,,,,,,,
Howard,NE,6,,3,,3,25,60,9
Jefferson,NE,10,,1,,9,28,100,7
Johnson,NE,1,,,,1,5,5,2
Kearney,NE,8,,2,1,5,25,78,7
Keith,NE,4,,,1,3,40,284,13
Keya Paha,NE,,,,,,1,,
Kimball,NE,3,,,,3,11,11,
Knox,NE,6,,,,6,5,27,4
Lancaster,NE,1,267,7,143,200,226,14,129
Lincoln,NE,102,,7,8,87,673,268,1
Logan,NE,1,,1,,,,,2
Loup,NE,,,,,,,,
McPherson,NE,1,,,,1,2,4,
Madison,NE,67,2,25,9,31,220,186,958
Merrick,NE,9,,1,2,6,19,139,11
Morrill,NE,3,,,,3,13,79,3
Nance,NE,,,,,,9,21,1
Nemaha,NE,3,,1,,2,18,89,9
Nuckolls,NE,8,,1,,7,3,3,2
Otoe,NE,14,2,4,,8,70,257,17
Pawnee,NE,2,,,,2,9,48,2
Perkins,NE,,,,,,10,29,2
Phelps,NE,9,,2,,7,42,172,11
Pierce,NE,6,,2,,4,15,15,1
Platte,NE,33,1,10,1,21,85,542,24
Polk,NE,,,,,,5,27,1
Red Willow,NE,19,1,5,2,11,46,246,25
Richardson,NE,3,,1,,2,21,63,4
Rock,NE,1,,1,,,5,10,
Saline,NE,30,,5,1,24,68,215,12
Sarpy,NE,142,4,29,14,95,938,374,2
Saunders,NE,9,,1,,8,68,139,19
Scotts Bluff,NE,50,,6,4,40,426,209,1
Seward,NE,8,,3,1,4,25,170,5
Sheridan,NE,11,,3,,8,16,54,4
Sherman,NE,4,,3,,1,3,31,
Sioux,NE,,,,,,,,
Stanton,NE,10,,2,,8,18,49,5
Thayer,NE,2,,,,2,17,35,2
Thomas,NE,,,,,,,,
Thurston,NE,2,,,,2,,1,1
Valley,NE,1,,,,1,,15,4
Washington,NE,12,,7,2,3,52,154,28
Wayne,NE,5,,3,,2,20,114,6
Webster,NE,3,,,,3,13,36,2
Wheeler,NE,,,,,,6,3,1
York,NE,6,,2,,4,30,224,16
Churchill,NV,96,,22,6,68,190,604,46
Clark,NV,11,390,152,734,4,241,8,129
Douglas,NV,71,,,12,59,217,238,878
Elko,NV,81,1,13,12,55,039,317,640
Esmeralda,NV,5,,,,5,2,5,
Eureka,NV,9,,,1,8,5,15,2
Humboldt,NV,49,,4,3,42,83,143,29
Lander,NV,42,1,1,1,39,28,37,13
Lincoln,NV,7,,,,7,13,17,8
Lyon,NV,96,1,7,7,81,286,519,86
Mineral,NV,5,,1,1,3,29,18,5
Nye,NV,102,,2,4,96,220,465,647
Pershing,NV,58,,7,1,50,77,73,11
Storey,NV,5,1,,1,3,22,36,2
Washoe,NV,2,045,14,161,568,1,401,15
White Pine,NV,25,1,2,1,21,35,134,9
Carson City,NV,293,1,,24,268,664,374,1
Belknap,NH,94,1,18,21,54,370,272,1
Carroll,NH,65,1,23,6,35,262,640,70
Cheshire,NH,79,,25,10,44,179,505,55
Coos,NH,44,,10,2,32,114,324,27
Grafton,NH,89,,28,9,52,525,283,1
Hillsborough,NH,495,7,94,203,191,021,1,131
Merrimack,NH,154,1,38,17,98,055,426,1
Rockingham,NH,347,2,79,53,213,989,610,3
Strafford,NH,127,,47,17,63,030,253,1
Sullivan,NH,58,1,14,6,37,179,499,28
Atlantic,NJ,1,408,11,86,550,125,10,752
Bergen,NJ,1,110,5,60,391,125,14,150
Burlington,NJ,846,4,105,291,446,275,1,607
Camden,NJ,3,150,55,145,1,718,2,972
Cape May,NJ,373,3,27,78,265,544,975,3
Cumberland,NJ,1,167,9,50,404,050,6,352
Essex,NJ,6,805,136,192,3,128,8,324
Gloucester,NJ,649,7,46,196,400,483,1,742
Hudson,NJ,4,102,36,106,2,937,4,048
Hunterdon,NJ,64,2,3,8,51,228,295,869
Mercer,NJ,1,782,23,79,744,812,9,679
Middlesex,NJ,1,653,17,83,593,831,15,948
Monmouth,NJ,1,365,9,92,495,215,12,690
Morris,NJ,510,4,36,129,341,657,1,174
Ocean,NJ,894,11,51,189,643,408,2,095
Passaic,NJ,2,318,18,55,1,151,2,463
Salem,NJ,184,1,7,39,137,478,398,968
Somerset,NJ,311,14,24,141,132,395,754,3
Sussex,NJ,116,1,6,11,98,657,300,1
Union,NJ,1,988,22,71,1,2,299,14
Warren,NJ,119,4,5,21,89,438,276,1
Bernalillo,NM,5,576,53,279,1,894,5,986
Catron,NM,3,,,,3,1,,2
Chaves,NM,513,8,51,43,411,552,950,2
Cibola,NM,103,,1,18,84,209,316,66
Colfax,NM,40,,,,40,73,122,9
Curry,NM,208,10,16,26,156,119,699,1
De Baca,NM,,,,,,,,
Dona Ana,NM,391,3,86,113,189,743,795,3
Eddy,NM,185,3,30,23,129,286,737,1
Grant,NM,39,,6,5,28,270,484,27
Guadalupe,NM,5,,,2,3,5,7,1
Harding,NM,14,1,,1,12,6,2,2
Hidalgo,NM,13,,,1,12,17,14,18
Lea,NM,442,3,37,30,372,706,568,2
Lincoln,NM,133,1,5,6,121,199,340,41
Los Alamos,NM,1,,,,1,17,26,2
Luna,NM,98,2,4,9,83,194,433,639
McKinley,NM,434,3,25,56,350,378,376,1
Mora,NM,6,,,,6,36,,
Otero,NM,150,3,8,10,129,218,218,957
Quay,NM,74,1,,1,72,125,103,16
Rio Arriba,NM,12,2,1,,9,9,2,
Roosevelt,NM,76,2,11,3,60,224,332,28
Sandoval,NM,251,2,19,16,214,538,455,928
San Juan,NM,847,2,137,65,643,273,693,2
San Miguel,NM,157,1,13,17,126,161,448,53
Santa Fe,NM,807,8,73,78,648,294,2,362
Sierra,NM,52,,4,5,43,60,204,27
Socorro,NM,215,,2,5,208,132,400,18
Taos,NM,74,1,4,11,58,186,346,7
Torrance,NM,27,,5,3,19,83,62,14
Union,NM,17,,,2,15,32,10,2
Valencia,NM,642,10,55,28,549,401,818,1
Albany,NY,1,426,13,76,480,354,10,997
Allegany,NY,97,,19,2,76,202,612,31
Bronx,NY,,,,,,,,
Broome,NY,328,2,52,89,185,431,698,4
Cattaraugus,NY,212,1,22,13,176,334,381,1
Cayuga,NY,131,2,14,20,95,639,318,1
Chautauqua,NY,344,1,42,70,231,434,749,2
Chemung,NY,253,2,36,54,161,817,429,2
Chenango,NY,119,,18,11,90,234,722,20
Clinton,NY,187,,27,9,151,401,424,941
Columbia,NY,53,1,6,5,41,135,627,33
Cortland,NY,107,,24,10,73,267,217,1
Delaware,NY,86,1,5,2,78,226,513,19
Dutchess,NY,721,4,42,169,506,388,625,3
Erie,NY,4,693,57,297,1,655,4,421
Essex,NY,66,,7,1,58,166,259,11
Franklin,NY,160,2,9,3,146,320,491,26
Fulton,NY,96,1,8,12,75,406,240,1
Genesee,NY,108,1,22,18,67,719,289,1
Greene,NY,140,2,9,8,121,194,446,15
Hamilton,NY,4,,1,,3,18,35,
Herkimer,NY,133,2,16,11,104,212,624,15
Jefferson,NY,231,4,39,25,163,051,404,1
Kings,NY,55,905,570,1,432,29,457,75
Lewis,NY,26,,1,,25,94,190,7
Livingston,NY,86,1,19,13,53,638,210,1
Madison,NY,71,1,14,15,41,318,316,978
Monroe,NY,2,331,47,156,1,023,2,069
Montgomery,NY,56,1,6,2,47,134,461,12
Nassau,NY,2,502,23,108,1,332,844,19
New York,NY,,,,,,,,
Niagara,NY,894,8,65,250,571,937,1,541
Oneida,NY,545,7,63,168,307,666,1,264
Onondaga,NY,1,665,22,110,521,2,001,12
Ontario,NY,86,5,8,16,57,691,360,1
Orange,NY,932,13,80,219,620,429,962,5
Orleans,NY,68,1,5,4,58,133,354,26
Oswego,NY,136,1,18,18,99,496,604,1
Otsego,NY,129,1,17,10,101,077,278,771
Putnam,NY,77,,10,8,59,012,197,778
Queens,NY,,,,,,,,
Rensselaer,NY,488,2,48,113,325,830,975,2
Richmond,NY,,,,,,,,
Rockland,NY,570,5,27,177,361,701,558,3
St. Lawrence,NY,143,,24,11,108,491,560,1
Saratoga,NY,248,4,32,28,184,600,471,2
Schenectady,NY,613,10,48,196,359,796,908,3
Schoharie,NY,45,,8,2,35,87,373,18
Schuyler,NY,4,,,,4,18,169,4
Seneca,NY,35,,6,1,28,53,429,20
Steuben,NY,188,5,37,15,131,905,362,1
Suffolk,NY,2,845,28,131,958,466,29,148
Sullivan,NY,273,2,31,31,209,607,515,1
Tioga,NY,29,,6,3,20,152,343,22
Tompkins,NY,64,1,13,7,43,352,188,1
Ulster,NY,468,6,36,94,332,440,575,2
Warren,NY,85,,13,4,68,014,124,868
Washington,NY,86,,14,5,67,143,526,18
Wayne,NY,197,4,46,15,132,977,429,1
Westchester,NY,2,600,28,105,1,297,2,516
Wyoming,NY,59,2,7,3,47,110,489,23
Yates,NY,30,,8,3,19,87,202,7
Alamance,NC,520,2,21,127,370,870,1,236
Alexander,NC,42,,6,6,30,309,425,44
Alleghany,NC,2,,,,2,7,16,3
Anson,NC,90,3,7,21,59,066,422,586
Ashe,NC,32,5,5,2,20,265,193,24
Avery,NC,11,1,2,1,7,53,140,14
Beaufort,NC,181,2,17,58,104,432,411,957
Bertie,NC,33,1,3,6,23,246,289,35
Bladen,NC,338,2,4,37,295,239,412,768
Brunswick,NC,174,3,29,32,110,283,1,299
Buncombe,NC,578,7,43,273,255,780,1,708
Burke,NC,163,,16,43,104,219,742,1
Cabarrus,NC,311,7,23,130,151,588,1,114
Caldwell,NC,149,4,12,14,119,158,659,1
Camden,NC,14,,,,14,46,35,
Carteret,NC,161,3,23,24,111,897,516,1
Caswell,NC,57,,5,1,51,154,208,31
Catawba,NC,495,8,51,147,289,398,1,821
Chatham,NC,118,6,12,23,77,372,443,835
Cherokee,NC,108,2,8,5,93,217,412,35
Chowan,NC,40,2,3,12,23,164,221,10
Clay,NC,6,1,,,5,71,40,9
Cleveland,NC,287,7,14,73,193,623,749,1
Columbus,NC,373,6,11,61,295,077,1,078
Craven,NC,302,6,21,59,216,625,987,2
Cumberland,NC,1,965,31,83,560,1,649,17
Currituck,NC,46,,6,2,38,209,393,28
Dare,NC,88,1,17,7,63,574,468,1
Davidson,NC,444,5,22,97,320,336,777,3
Davie,NC,83,1,5,14,63,275,624,64
Duplin,NC,179,3,6,33,137,708,708,891
Durham,NC,1,680,33,95,848,964,14,071
Edgecombe,NC,271,5,15,77,174,736,838,1
Forsyth,NC,1,682,21,110,567,847,14,602
Franklin,NC,83,5,2,23,53,231,501,651
Gaston,NC,1,102,9,74,337,043,9,590
Gates,NC,17,,,1,16,60,85,2
Graham,NC,,,,,,,,
Granville,NC,212,2,14,40,156,708,634,975
Greene,NC,73,4,8,11,50,144,378,45
Guilford,NC,2,598,27,168,1,318,2,866
Halifax,NC,240,8,12,64,156,589,835,1
Harnett,NC,400,8,16,74,302,682,1,336
Haywood,NC,150,1,29,20,100,541,521,897
Henderson,NC,151,1,38,39,73,379,651,1
Hertford,NC,95,3,8,20,64,081,301,736
Hoke,NC,152,10,11,34,97,615,868,657
Hyde,NC,,,,,,1,49,1
Iredell,NC,455,7,32,92,324,490,1,324
Jackson,NC,112,,21,7,84,142,383,682
Johnston,NC,373,9,31,102,231,456,1,229
Jones,NC,17,,1,4,12,70,115,15
Lee,NC,206,3,13,75,115,387,749,1
Lenoir,NC,383,6,11,60,306,450,1,055
Lincoln,NC,20,,,8,12,122,687,43
McDowell,NC,83,2,5,25,51,059,375,604
Macon,NC,37,5,3,4,25,248,352,33
Madison,NC,11,1,2,,8,68,95,17
Martin,NC,122,,4,17,101,264,530,37
Mecklenburg,NC,7,492,64,330,2,251,7,675
Mitchell,NC,3,,1,1,1,9,31,5
Montgomery,NC,81,,12,11,58,271,535,43
Moore,NC,188,5,8,34,141,962,682,1
Nash,NC,466,6,19,152,289,493,1,376
New Hanover,NC,1,123,9,100,313,10,488,2
Northampton,NC,83,,5,16,62,260,304,31
Onslow,NC,114,,7,28,79,044,211,778
Orange,NC,398,4,22,140,232,049,1,289
Pamlico,NC,18,,1,3,14,74,132,6
Pasquotank,NC,165,2,11,45,107,502,426,1
Pender,NC,68,2,5,12,49,296,531,88
Perquimans,NC,18,3,1,9,5,133,126,27
Person,NC,154,,10,19,125,151,404,709
Pitt,NC,858,6,45,231,576,167,2,139
Polk,NC,41,1,4,8,28,137,186,35
Randolph,NC,169,2,12,40,115,672,1,092
Richmond,NC,166,2,11,46,107,248,714,1
Robeson,NC,929,24,40,307,558,805,3,119
Rockingham,NC,250,8,6,88,148,832,1,079
Rowan,NC,447,3,31,143,270,381,1,111
Rutherford,NC,223,2,21,42,158,329,757,1
Sampson,NC,165,7,22,36,100,652,746,797
Scotland,NC,140,4,9,38,89,786,809,907
Stanly,NC,162,,25,29,108,625,537,1
Stokes,NC,122,2,11,3,106,250,408,739
Surry,NC,267,3,8,34,222,422,748,1
Swain,NC,34,,5,1,28,53,218,20
Transylvania,NC,73,,7,4,62,205,373,32
Tyrrell,NC,5,2,1,,2,23,36,10
Union,NC,153,2,14,46,91,550,217,1
Vance,NC,219,4,8,96,111,022,1,157
Wake,NC,2,493,23,151,841,2,545,20
Warren,NC,38,,8,8,22,231,252,32
Washington,NC,52,2,2,4,44,69,196,3
Watauga,NC,55,1,7,6,41,223,328,836
Wayne,NC,564,12,11,126,415,001,1,584
Wilkes,NC,134,2,6,15,111,686,473,1
Wilson,NC,254,11,15,96,132,817,707,1
Yadkin,NC,70,4,10,10,46,253,573,40
Yancey,NC,10,,1,,9,75,60,7
Adams,ND,2,1,1,,,2,11,4
Barnes,ND,1,,,,1,26,74,16
Benson,ND,,,,,,,,
Billings,ND,,,,,,,,
Bottineau,ND,,,,,,12,59,10
Bowman,ND,,,,,,,,
Burke,ND,,,,,,10,13,2
Burleigh,ND,65,1,14,5,45,652,233,1
Cass,ND,105,1,38,8,58,834,530,2
Cavalier,ND,,,,,,3,11,3
Dickey,ND,2,1,,,1,5,39,5
Divide,ND,,,,,,,,
Dunn,ND,,,,,,,,
Eddy,ND,,,,,,13,20,2
Emmons,ND,1,,1,,,2,17,1
Foster,ND,,,,,,2,2,1
Golden Valley,ND,,,,,,,,
Grand Forks,ND,81,,27,4,50,237,309,1
Grant,ND,1,,,,1,1,7,
Griggs,ND,,,,,,,,1
Hettinger,ND,,,,,,2,7,
Kidder,ND,2,,,,2,8,10,2
LaMoure,ND,,,,,,1,1,1
Logan,ND,,,,,,3,3,
McHenry,ND,1,,,,1,14,17,5
McIntosh,ND,,,,,,,,
McKenzie,ND,3,,,,3,4,39,
McLean,ND,,,,,,25,64,3
Mercer,ND,6,,2,,4,15,54,6
Morton,ND,34,,15,3,16,56,350,28
Mountrail,ND,1,,1,,,3,28,3
Nelson,ND,,,,,,,,
Oliver,ND,,,,,,,1,
Pembina,ND,1,,,,1,7,19,12
Pierce,ND,,,,,,1,32,3
Ramsey,ND,25,1,1,1,22,62,254,28
Ransom,ND,6,,5,,1,20,32,5
Renville,ND,,,,,,6,8,2
Richland,ND,11,,2,3,6,71,303,22
Rolette,ND,2,,,,2,5,40,1
Sargent,ND,1,,1,,,1,34,1
Sheridan,ND,,,,,,10,16,1
Sioux,ND,,,,,,,,
Slope,ND,,,,,,,,
Stark,ND,19,,3,8,8,70,388,28
Steele,ND,,,,,,,,
Stutsman,ND,28,,14,4,10,46,272,25
Towner,ND,2,1,1,,,12,8,1
Traill,ND,9,,,,9,12,21,7
Walsh,ND,8,1,,,7,55,206,30
Ward,ND,89,1,38,7,43,290,182,992
Wells,ND,,,,,,20,41,3
Williams,ND,19,,3,,16,38,225,34
Adams,OH,18,,3,4,11,74,132,19
Allen,OH,526,6,102,167,251,298,1,102
Ashland,OH,34,,14,10,10,173,675,25
Ashtabula,OH,22,1,5,3,13,127,481,52
Athens,OH,94,,23,11,60,055,182,850
Auglaize,OH,12,,3,2,7,54,158,12
Belmont,OH,34,2,6,9,17,178,583,47
Brown,OH,29,,9,11,9,227,480,44
Butler,OH,1,388,8,174,350,043,15,307
Carroll,OH,21,,12,2,7,93,150,23
Champaign,OH,27,1,4,4,18,201,580,42
Clark,OH,583,8,80,292,203,619,2,155
Clermont,OH,188,,75,45,68,542,836,3
Clinton,OH,90,,11,15,64,153,689,21
Columbiana,OH,51,,14,6,31,165,405,60
Coshocton,OH,,,,,,93,450,22
Crawford,OH,35,,6,4,25,163,628,12
Cuyahoga,OH,7,212,84,659,3,704,6,967
Darke,OH,67,,13,9,45,234,596,51
Defiance,OH,22,,4,8,10,165,557,26
Delaware,OH,141,,50,46,45,944,736,2
Erie,OH,188,2,22,44,120,054,610,2
Fairfield,OH,209,2,46,81,80,835,899,2
Fayette,OH,37,,6,11,20,252,334,859
Franklin,OH,6,883,101,725,3,302,6,711
Fulton,OH,39,,9,4,26,124,569,39
Gallia,OH,40,3,10,13,14,335,507,62
Geauga,OH,26,,5,5,16,113,595,25
Greene,OH,189,1,56,78,54,203,881,4
Guernsey,OH,46,,7,8,31,91,814,27
Hamilton,OH,4,599,82,481,2,184,3,589
Hancock,OH,96,1,22,17,56,920,399,1
Hardin,OH,4,,,1,3,49,130,27
Harrison,OH,12,,3,1,8,109,128,18
Henry,OH,11,,2,1,8,81,187,9
Highland,OH,51,,5,12,34,155,280,825
Hocking,OH,31,1,10,4,16,257,601,61
Holmes,OH,13,,2,1,10,52,85,23
Huron,OH,21,,,4,17,274,555,57
Jackson,OH,46,2,7,5,32,166,405,241
Jefferson,OH,190,4,14,52,120,548,274,1
Knox,OH,4,,2,,2,11,36,
Lake,OH,184,1,28,58,97,638,475,2
Lawrence,OH,16,,,,16,12,77,16
Licking,OH,219,3,52,72,92,661,1,011
Logan,OH,152,2,21,5,124,196,547,38
Lorain,OH,462,7,53,134,268,849,1,608
Lucas,OH,3,359,22,163,1,946,2,536
Madison,OH,21,,7,9,5,113,397,33
Mahoning,OH,822,24,76,314,408,6,601,2
Marion,OH,122,2,22,49,49,652,587,1
Medina,OH,48,1,20,14,13,159,526,38
Meigs,OH,23,,4,3,16,107,153,28
Mercer,OH,37,,11,3,23,114,565,28
Miami,OH,97,1,36,30,30,202,452,1
Monroe,OH,,,,,,,,
Montgomery,OH,2,033,39,212,1,2,685,21
Morgan,OH,8,,2,,6,22,60,22
Morrow,OH,13,2,3,1,7,213,254,23
Muskingum,OH,144,3,34,66,41,007,628,2
Noble,OH,,,,,,,,
Ottawa,OH,5,,1,2,2,49,238,11
Paulding,OH,21,,3,,18,71,149,
Perry,OH,16,,6,2,8,156,303,35
Pickaway,OH,68,1,13,16,38,966,647,1
Pike,OH,6,1,2,3,,92,463,16
Portage,OH,161,3,31,36,91,759,379,2
Preble,OH,32,,10,7,15,197,539,41
Putnam,OH,8,,2,,6,63,122,5
Richland,OH,221,4,42,117,58,765,1,413
Ross,OH,115,2,27,52,34,900,827,2
Sandusky,OH,52,,5,13,34,530,231,1
Scioto,OH,267,7,40,100,120,448,1,568
Seneca,OH,21,,9,6,6,111,648,30
Shelby,OH,,,,,,,,
Stark,OH,1,428,9,169,471,307,13,257
Summit,OH,1,650,22,276,718,030,21,384
Trumbull,OH,613,8,67,226,312,956,1,603
Tuscarawas,OH,53,,6,19,28,070,219,779
Union,OH,25,1,9,5,10,212,679,39
Van Wert,OH,28,,10,5,13,173,515,46
Vinton,OH,3,1,,1,1,176,205,46
Warren,OH,104,,22,23,59,280,441,1
Washington,OH,89,2,32,21,34,216,276,880
Wayne,OH,52,,16,10,26,285,505,36
Williams,OH,52,,23,8,21,149,569,21
Wood,OH,107,3,20,28,56,730,512,3
Wyandot,OH,,,,,,9,5,1
Adair,OK,100,1,3,2,94,134,271,45
Alfalfa,OK,20,,2,,18,21,44,4
Atoka,OK,33,,,,33,88,151,16
Beaver,OK,6,,2,,4,25,84,6
Beckham,OK,45,,5,2,38,80,328,26
Blaine,OK,48,,2,2,44,48,141,7
Bryan,OK,178,,25,11,142,389,439,834
Caddo,OK,142,3,5,2,132,253,541,84
Canadian,OK,431,4,39,83,305,379,792,3
Carter,OK,329,2,27,29,271,965,476,1
Cherokee,OK,133,2,13,7,111,113,258,766
Choctaw,OK,105,1,7,16,81,204,348,11
Cimarron,OK,2,,,,2,7,6,2
Cleveland,OK,785,7,103,171,504,402,2,183
Coal,OK,28,,3,,25,42,74,12
Comanche,OK,784,5,61,155,563,577,1,478
Cotton,OK,14,,,1,13,19,47,9
Craig,OK,47,,5,1,41,91,189,21
Creek,OK,150,,10,13,127,882,565,1
Custer,OK,71,,6,8,57,164,550,34
Delaware,OK,147,2,13,1,131,227,429,71
Dewey,OK,7,,1,,6,8,7,7
Ellis,OK,1,,,1,,8,4,3
Garfield,OK,232,1,38,18,175,759,633,2
Garvin,OK,79,1,13,5,60,222,514,42
Grady,OK,199,3,10,24,162,587,476,1
Grant,OK,2,,1,,1,15,36,4
Greer,OK,6,,1,1,4,22,54,5
Harmon,OK,4,,1,1,2,20,70,5
Harper,OK,5,,,,5,15,35,6
Haskell,OK,66,,6,,60,41,114,12
Hughes,OK,32,1,4,,27,138,169,37
Jackson,OK,77,3,15,14,45,141,346,757
Jefferson,OK,41,,,1,40,41,53,10
Johnston,OK,57,2,2,,53,45,86,13
Kay,OK,223,1,41,17,164,948,538,1
Kingfisher,OK,4,,2,,2,45,129,21
Kiowa,OK,12,,,3,9,66,87,15
Latimer,OK,33,,6,2,25,61,53,12
Le Flore,OK,135,,4,10,121,199,484,45
Lincoln,OK,86,1,10,4,71,135,297,42
Logan,OK,98,3,13,6,76,256,400,28
Love,OK,34,,4,,30,43,130,14
McClain,OK,58,,5,9,44,256,390,52
McCurtain,OK,137,3,15,8,111,228,316,827
McIntosh,OK,52,4,4,4,40,236,423,40
Major,OK,23,,2,,21,47,68,6
Marshall,OK,26,,5,2,19,91,157,23
Mayes,OK,126,5,8,6,107,259,576,52
Murray,OK,20,,2,1,17,121,235,12
Muskogee,OK,428,6,30,52,340,196,797,1
Noble,OK,6,,3,1,2,53,168,20
Nowata,OK,11,,,,11,65,113,12
Okfuskee,OK,30,1,3,,26,63,144,19
Oklahoma,OK,4,295,38,389,1,739,4,037
Okmulgee,OK,107,5,11,7,84,072,342,639
Osage,OK,166,3,9,21,133,121,350,654
Ottawa,OK,118,,17,3,98,061,296,716
Pawnee,OK,88,2,10,1,75,120,228,32
Payne,OK,197,,38,23,136,276,483,1
Pittsburg,OK,114,2,13,9,90,333,420,803
Pontotoc,OK,130,3,14,5,108,040,268,724
Pottawatomie,OK,285,2,31,34,218,502,740,1
Pushmataha,OK,47,,7,3,37,84,120,29
Roger Mills,OK,3,,,,3,12,13,3
Rogers,OK,92,2,10,10,70,402,368,909
Seminole,OK,81,5,6,5,65,248,495,53
Sequoyah,OK,270,,13,6,251,247,583,79
Stephens,OK,111,2,11,9,89,344,278,991
Texas,OK,59,1,12,9,37,121,385,28
Tillman,OK,20,2,,3,15,58,149,13
Tulsa,OK,5,183,55,346,1,690,4,803
Wagoner,OK,119,2,16,14,87,301,332,848
Washington,OK,123,,14,11,98,609,400,1
Washita,OK,9,,,,9,32,75,5
Woods,OK,22,,3,2,17,43,100,10
Woodward,OK,45,,6,,39,145,314,12
Baker,OR,21,,7,3,11,84,348,42
Benton,OR,145,1,28,29,87,113,522,2
Clackamas,OR,465,3,94,158,210,201,2,257
Clatsop,OR,62,,11,12,39,585,288,1
Columbia,OR,36,,3,8,25,131,589,47
Coos,OR,68,,5,17,46,679,419,1
Crook,OR,126,,3,4,119,179,499,35
Curry,OR,15,,3,1,11,100,328,34
Deschutes,OR,225,2,51,43,129,799,1,182
Douglas,OR,116,4,23,32,57,274,644,2
Gilliam,OR,1,,,,1,8,16,4
Grant,OR,6,,3,,3,34,96,3
Harney,OR,13,,2,2,9,36,79,12
Hood River,OR,16,1,,1,14,84,235,46
Jackson,OR,612,5,63,66,478,896,1,317
Jefferson,OR,72,1,9,4,58,121,364,77
Josephine,OR,129,6,20,42,61,012,560,2
Klamath,OR,213,3,24,45,141,878,489,1
Lake,OR,14,,4,2,8,54,138,15
Lane,OR,860,5,129,243,483,16,374,3
Lincoln,OR,226,1,21,18,186,277,501,1
Linn,OR,186,3,19,59,105,741,1,289
Malheur,OR,81,1,11,10,59,181,702,56
Marion,OR,1,002,6,90,204,15,574,2
Morrow,OR,16,,3,,13,21,45,4
Multnomah,OR,4,591,33,397,1,740,6,164
Polk,OR,190,,29,28,133,566,416,1
Sherman,OR,3,1,1,,1,6,24,3
Tillamook,OR,20,,3,3,14,137,745,62
Umatilla,OR,89,3,14,28,44,355,581,1
Union,OR,30,2,7,4,17,120,389,35
Wallowa,OR,5,,,,5,21,56,4
Wasco,OR,38,,7,2,29,031,239,737
Washington,OR,771,9,153,227,382,656,2,401
Wheeler,OR,,,,,,10,15,3
Yamhill,OR,138,,34,19,85,738,448,2
Adams,PA,139,1,22,19,97,152,233,834
Allegheny,PA,5,879,72,198,2,387,5,452
Armstrong,PA,85,3,11,18,53,220,518,48
Beaver,PA,429,2,18,96,313,400,561,2
Bedford,PA,47,,6,9,32,235,420,33
Berks,PA,1,528,19,72,477,376,10,078
Blair,PA,271,4,36,83,148,551,644,1
Bradford,PA,60,5,21,6,28,154,366,35
Bucks,PA,931,6,63,323,539,779,1,685
Butler,PA,322,3,41,45,233,999,457,2
Cambria,PA,362,5,15,70,272,225,566,1
Cameron,PA,8,,2,1,5,61,84,2
Carbon,PA,123,2,10,6,105,211,724,49
Centre,PA,158,3,33,27,95,745,366,2
Chester,PA,711,3,71,145,492,773,1,074
Clarion,PA,54,3,15,5,31,169,444,38
Clearfield,PA,146,1,22,15,108,345,264,1
Clinton,PA,38,2,6,7,23,107,565,54
Columbia,PA,80,1,20,6,53,019,145,835
Crawford,PA,90,,15,14,61,477,401,964
Cumberland,PA,287,1,45,69,172,681,625,2
Dauphin,PA,1,135,14,91,503,7,024,1
Delaware,PA,2,428,33,100,603,2,568,10
Elk,PA,66,,5,4,57,182,482,32
Erie,PA,712,1,106,260,345,417,1,452
Fayette,PA,310,5,36,108,161,195,761,2
Forest,PA,10,,1,1,8,100,60,1
Franklin,PA,383,2,37,42,302,526,498,1
Fulton,PA,33,,7,3,23,69,102,10
Greene,PA,37,1,15,9,12,135,344,40
Huntingdon,PA,83,4,17,13,49,143,310,20
Indiana,PA,176,1,38,15,122,382,251,1
Jefferson,PA,89,,9,6,74,132,422,35
Juniata,PA,17,,4,4,9,148,126,15
Lackawanna,PA,534,4,66,128,336,719,692,2
Lancaster,PA,830,7,97,317,409,10,780,1
Lawrence,PA,310,4,22,106,178,417,699,1
Lebanon,PA,346,3,60,78,205,426,465,1
Lehigh,PA,1,051,17,92,433,032,10,758
Luzerne,PA,771,9,61,229,472,179,1,079
Lycoming,PA,200,2,13,63,122,457,479,1
McKean,PA,82,,17,7,58,120,406,26
Mercer,PA,230,3,31,44,152,400,447,1
Mifflin,PA,115,,10,28,77,069,296,716
Monroe,PA,271,9,43,73,146,760,652,1
Montgomery,PA,1,518,9,124,500,467,15,382
Montour,PA,73,,3,2,68,163,211,11
Northampton,PA,506,3,60,142,301,366,816,4
Northumberland,PA,169,2,22,12,133,033,221,760
Perry,PA,86,,14,9,63,147,403,38
Philadelphia,PA,20,908,330,1,001,9,820,22
Pike,PA,49,3,14,10,22,319,352,50
Potter,PA,17,1,5,,11,89,90,10
Schuylkill,PA,309,7,21,30,251,646,323,1
Snyder,PA,58,1,14,3,40,129,432,38
Somerset,PA,90,3,18,7,62,284,456,61
Sullivan,PA,13,1,9,,3,71,59,9
Susquehanna,PA,38,1,10,5,22,118,306,30
Tioga,PA,14,,7,1,6,130,246,23
Union,PA,37,,18,2,17,119,232,7
Venango,PA,94,,16,12,66,034,219,758
Warren,PA,123,,13,4,106,134,380,19
Washington,PA,440,3,48,99,290,723,610,2
Wayne,PA,43,1,12,6,24,175,421,47
Westmoreland,PA,671,5,53,146,467,166,1,214
Wyoming,PA,45,2,12,3,28,100,247,22
York,PA,1,005,18,98,376,9,407,1
Bristol,RI,53,,6,3,44,155,730,46
Kent,RI,267,,42,43,182,006,560,3
Newport,RI,206,,31,35,140,334,569,1
Providence,RI,2,014,26,212,640,2,333,21
Washington,RI,120,,26,10,84,313,384,1
Abbeville,SC,186,1,6,11,168,211,540,49
Aiken,SC,497,5,60,94,338,074,1,208
Allendale,SC,73,,2,5,66,145,153,15
Anderson,SC,1,263,14,56,161,937,8,202
Bamberg,SC,168,3,6,10,149,157,274,26
Barnwell,SC,171,1,4,21,145,186,643,29
Beaufort,SC,1,018,4,47,153,5,742,1
Berkeley,SC,787,2,62,110,613,864,1,206
Calhoun,SC,69,2,5,6,56,70,191,38
Charleston,SC,3,404,19,162,735,2,646,16
Cherokee,SC,375,5,36,59,275,038,635,2
Chester,SC,442,5,10,42,385,619,389,1
Chesterfield,SC,223,3,13,13,194,287,345,852
Clarendon,SC,245,3,10,49,183,264,578,71
Colleton,SC,351,3,17,33,298,377,332,920
Darlington,SC,965,6,27,100,832,682,1,104
Dillon,SC,306,3,18,54,231,709,507,1
Dorchester,SC,547,4,43,103,397,383,719,2
Edgefield,SC,92,,6,9,77,117,344,38
Fairfield,SC,291,2,12,27,250,253,626,56
Florence,SC,1,287,11,54,304,235,8,488
Georgetown,SC,426,,17,56,353,294,487,1
Greenville,SC,3,076,31,175,544,3,004,17
Greenwood,SC,673,3,35,46,589,113,582,2
Hampton,SC,130,,7,12,111,169,332,51
Horry,SC,1,911,13,144,419,1,981,16
Jasper,SC,163,1,18,23,121,258,315,914
Kershaw,SC,319,4,17,28,270,618,385,1
Lancaster,SC,409,3,29,49,328,576,774,1
Laurens,SC,608,5,24,60,519,738,680,1
Lee,SC,173,3,6,23,141,265,599,81
Lexington,SC,1,116,9,67,247,158,8,206
McCormick,SC,45,,1,5,39,52,81,9
Marion,SC,309,7,18,51,233,110,559,1
Marlboro,SC,425,4,12,37,372,422,429,905
Newberry,SC,200,2,12,18,168,120,133,961
Oconee,SC,364,4,33,29,298,211,613,1
Orangeburg,SC,741,20,36,111,574,5,129,1
Pickens,SC,371,1,43,29,298,487,739,2
Richland,SC,3,515,40,185,819,2,791,20
Saluda,SC,173,1,1,5,166,50,194,6
Spartanburg,SC,1,868,17,104,324,2,385,12
Sumter,SC,1,255,13,33,179,999,5,747
Union,SC,227,,11,21,195,199,603,75
Williamsburg,SC,232,4,18,31,179,210,421,658
York,SC,1,623,4,67,192,1,336,7
Aurora,SD,1,,1,,,4,5,3
Beadle,SD,,,,,,6,6,1
Bennett,SD,4,,,1,3,7,8,1
Bon Homme,SD,,,,,,,,1
Brookings,SD,14,,2,3,9,40,326,15
Brown,SD,43,,16,,27,95,406,26
Brule,SD,,,,,,2,8,2
Buffalo,SD,,,,,,,,
Butte,SD,11,,1,,10,12,70,4
Campbell,SD,1,,,,1,1,,
Charles Mix,SD,20,1,5,1,13,30,19,6
Clark,SD,1,,1,,,5,3,
Clay,SD,15,,4,1,10,33,206,10
Codington,SD,47,,13,1,33,164,620,45
Corson,SD,4,,,1,3,15,15,
Custer,SD,,,,,,8,22,4
Davison,SD,12,,2,,10,52,240,7
Day,SD,,,,,,10,14,
Deuel,SD,4,,2,,2,8,26,2
Dewey,SD,2,,,,2,2,4,3
Douglas,SD,,,,,,,,
Edmunds,SD,,,,,,,2,
Fall River,SD,6,,,,6,2,6,
Faulk,SD,1,,1,,,1,4,1
Grant,SD,,,,,,,,
Gregory,SD,,,,,,,,
Haakon,SD,,,,,,,,
Hamlin,SD,3,,2,,1,1,4,
Hand,SD,1,,,,1,8,20,1
Hanson,SD,2,,,,2,1,9,2
Harding,SD,,,,,,,,
Hughes,SD,76,6,14,,56,66,503,18
Hutchinson,SD,5,1,1,,3,4,7,6
Hyde,SD,2,,,2,,3,17,1
Jackson,SD,1,,,1,,9,4,
Jerauld,SD,2,,,,2,,4,
Jones,SD,,,,,,,,
Kingsbury,SD,1,,,,1,6,24,2
Lake,SD,6,,2,1,3,49,147,7
Lawrence,SD,35,,6,2,27,76,362,18
Lincoln,SD,42,,10,5,27,163,376,44
Lyman,SD,,,,,,,,
McCook,SD,6,,,,6,1,26,4
McPherson,SD,,,,,,,,
Marshall,SD,3,,,,3,11,36,4
Meade,SD,32,,12,1,19,88,276,32
Mellette,SD,6,,,,6,1,3,1
Miner,SD,,,,,,2,1,
Minnehaha,SD,422,3,106,41,272,433,1,030
Moody,SD,4,,,,4,1,3,2
Pennington,SD,314,3,107,48,156,261,682,2
Perkins,SD,1,,,,1,25,30,1
Potter,SD,1,,,,1,2,15,3
Roberts,SD,23,,3,,20,35,53,6
Sanborn,SD,1,1,,,,,17,3
Shannon,SD,,,,,,,,
Spink,SD,5,,2,,3,24,46,1
Stanley,SD,5,,1,,4,2,29,
Sully,SD,,,,,,,5,
Todd,SD,,,,,,3,2,
Tripp,SD,4,,,,4,13,41,6
Turner,SD,3,,2,1,,29,27,3
Union,SD,7,,,,7,9,36,8
Walworth,SD,1,,,,1,5,19,3
Yankton,SD,20,1,5,1,13,49,308,7
Ziebach,SD,2,,,,2,,2,1
Anderson,TN,293,2,18,61,212,230,766,2
Bedford,TN,161,4,8,22,127,256,533,76
Benton,TN,39,1,2,2,34,101,188,22
Bledsoe,TN,34,,,,34,47,104,10
Blount,TN,446,5,59,29,353,101,800,2
Bradley,TN,666,1,31,49,585,826,979,2
Campbell,TN,312,3,13,13,283,507,454,933
Cannon,TN,22,,,,22,64,63,15
Carroll,TN,72,2,4,6,60,193,357,52
Carter,TN,139,2,6,16,115,732,437,1
Cheatham,TN,95,2,2,8,83,185,543,100
Chester,TN,62,,4,10,48,110,306,21
Claiborne,TN,120,3,4,2,111,225,491,61
Clay,TN,13,1,,,12,32,43,3
Cocke,TN,148,5,3,12,128,263,455,626
Coffee,TN,178,1,5,22,150,995,459,1
Crockett,TN,43,,2,4,37,90,132,18
Cumberland,TN,138,,10,6,122,868,501,1
Davidson,TN,8,846,59,412,2,205,9,203
Decatur,TN,20,,,,20,140,138,22
DeKalb,TN,98,3,5,6,84,144,376,38
Dickson,TN,262,,61,15,186,392,329,973
Dyer,TN,218,1,16,28,173,702,328,1
Fayette,TN,149,,7,21,121,219,424,81
Fentress,TN,50,1,1,,48,156,233,28
Franklin,TN,154,2,4,6,142,110,363,655
Gibson,TN,280,1,17,18,244,439,374,968
Giles,TN,128,1,8,13,106,244,487,37
Grainger,TN,60,,5,4,51,135,371,42
Greene,TN,287,2,13,27,245,405,726,1
Grundy,TN,30,2,2,3,23,53,71,51
Hamblen,TN,286,3,14,48,221,540,375,1
Hamilton,TN,2,616,15,165,536,3,284,18
Hancock,TN,5,,,,5,63,69,3
Hardeman,TN,179,3,9,14,153,290,459,99
Hardin,TN,138,,6,4,128,250,509,67
Hawkins,TN,162,2,8,11,141,650,508,1
Haywood,TN,196,,13,13,170,261,471,63
Henderson,TN,143,3,11,19,110,243,544,74
Henry,TN,126,2,7,16,101,099,318,725
Hickman,TN,85,2,7,6,70,210,290,52
Houston,TN,26,1,1,2,22,48,113,23
Humphreys,TN,44,,3,1,40,103,230,24
Jackson,TN,16,,,,16,65,140,13
Jefferson,TN,129,1,12,10,106,515,362,1
Johnson,TN,52,,3,,49,93,84,12
Knox,TN,2,244,26,110,611,2,550,17
Lake,TN,33,,,1,32,30,50,3
Lauderdale,TN,187,1,8,22,156,187,352,728
Lawrence,TN,391,,24,12,355,649,512,1
Lewis,TN,19,2,1,,16,62,172,14
Lincoln,TN,165,2,3,11,149,279,523,44
Loudon,TN,127,3,12,6,106,362,269,975
McMinn,TN,354,4,17,18,315,017,545,1
McNairy,TN,103,1,6,5,91,140,456,63
Macon,TN,103,,6,1,96,94,269,33
Madison,TN,927,7,51,199,670,5,858,1
Marion,TN,95,,7,2,86,166,488,135
Marshall,TN,68,,6,13,49,155,474,30
Maury,TN,514,4,30,65,415,312,605,2
Meigs,TN,52,1,4,1,46,90,135,20
Monroe,TN,296,6,11,9,270,560,387,1
Montgomery,TN,886,5,73,150,658,917,1,247
Moore,TN,6,,1,1,4,25,41,
Morgan,TN,35,,1,1,33,102,98,32
Obion,TN,110,1,5,9,95,140,245,828
Overton,TN,35,,,5,30,137,201,29
Perry,TN,21,,2,,19,79,79,18
Pickett,TN,1,,,,1,9,10,2
Polk,TN,47,,3,5,39,85,161,31
Putnam,TN,184,4,20,24,136,128,416,1
Rhea,TN,87,2,2,3,80,81,591,36
Roane,TN,192,2,15,20,155,130,556,1
Robertson,TN,363,8,24,32,299,597,270,1
Rutherford,TN,1,054,4,80,139,6,738,1
Scott,TN,121,1,5,,115,220,372,40
Sequatchie,TN,44,,2,2,40,48,121,38
Sevier,TN,238,1,29,22,186,552,893,2
Shelby,TN,10,719,110,492,3,226,10,280
Smith,TN,59,2,4,4,49,64,203,19
Stewart,TN,51,,4,,47,111,136,24
Sullivan,TN,931,8,75,104,744,734,1,471
Sumner,TN,601,3,55,42,501,107,610,2
Tipton,TN,329,2,18,40,269,764,508,1
Trousdale,TN,21,,6,1,14,46,61,6
Unicoi,TN,19,,,1,18,77,575,20
Union,TN,43,,1,2,40,148,244,40
Van Buren,TN,5,1,,,4,11,45,13
Warren,TN,120,1,14,8,97,217,641,96
Washington,TN,521,4,19,70,428,176,1,044
Wayne,TN,40,,2,1,37,122,114,38
Weakley,TN,88,,10,3,75,167,506,35
White,TN,77,,7,3,67,272,464,82
Williamson,TN,236,1,18,26,191,232,326,1
Wilson,TN,356,3,17,23,313,449,557,1
Anderson,TX,141,2,5,21,113,315,410,813
Andrews,TX,46,2,13,1,30,89,281,10
Angelina,TX,537,3,47,63,424,906,855,1
Aransas,TX,128,3,5,14,106,612,425,1
Archer,TX,8,,2,,6,43,36,14
Armstrong,TX,4,,,,4,8,20,2
Atascosa,TX,69,8,14,5,42,278,600,50
Austin,TX,101,,9,5,87,197,341,44
Bailey,TX,13,,,,13,37,118,13
Bandera,TX,34,,5,1,28,110,275,22
Bastrop,TX,201,1,9,11,180,088,677,1
Baylor,TX,10,,,1,9,32,66,1
Bee,TX,65,,6,4,55,216,488,33
Bell,TX,1,145,20,108,232,10,255,3
Bexar,TX,8,622,104,756,2,484,8,700
Blanco,TX,5,,,,5,61,129,6
Borden,TX,,,,,,6,3,
Bosque,TX,39,,3,1,35,93,75,9
Bowie,TX,592,5,39,85,463,793,854,2
Brazoria,TX,564,7,99,100,358,698,1,848
Brazos,TX,941,,107,128,706,505,1,653
Brewster,TX,22,,2,1,19,50,121,3
Briscoe,TX,,,,,,8,8,5
Brooks,TX,14,,,1,13,106,156,1
Brown,TX,113,3,16,11,83,961,378,1
Burleson,TX,38,5,3,4,26,85,101,14
Burnet,TX,73,,6,4,63,224,564,59
Caldwell,TX,133,,12,9,112,217,708,38
Calhoun,TX,64,3,6,6,49,197,430,40
Callahan,TX,24,4,,1,19,51,61,14
Cameron,TX,1,724,7,126,301,1,574,20
Camp,TX,32,,10,2,20,100,195,19
Carson,TX,9,,,,9,11,15,1
Cass,TX,68,2,18,6,42,176,446,42
Castro,TX,23,,1,1,21,61,154,13
Chambers,TX,75,2,4,14,55,300,574,68
Cherokee,TX,207,1,27,21,158,478,440,939
Childress,TX,17,,2,1,14,55,82,6
Clay,TX,15,,3,2,10,79,124,14
Cochran,TX,3,,,,3,10,51,7
Coke,TX,4,,,,4,7,4,1
Coleman,TX,11,,1,2,8,103,131,8
Collin,TX,1,764,22,174,521,1,692,19
Collingsworth,TX,3,,,,3,31,15,
Colorado,TX,54,1,5,2,46,100,253,25
Comal,TX,258,1,42,18,197,176,657,2
Comanche,TX,27,,9,,18,104,186,16
Concho,TX,5,,,,5,8,10,3
Cooke,TX,73,1,4,25,43,637,392,1
Coryell,TX,158,,27,21,110,382,360,973
Cottle,TX,1,,,,1,8,2,2
Crane,TX,18,1,,,17,25,65,3
Crockett,TX,7,,1,1,5,22,42,1
Crosby,TX,16,,4,2,10,28,32,6
Culberson,TX,2,,,,2,2,4,3
Dallam,TX,25,,2,1,22,45,95,5
Dallas,TX,18,945,278,802,8,739,18,695
Dawson,TX,41,,1,3,37,116,241,14
Deaf Smith,TX,79,,4,3,72,141,433,18
Delta,TX,11,,,1,10,72,112,6
Denton,TX,1,319,16,140,390,123,16,419
DeWitt,TX,61,,7,5,49,144,364,16
Dickens,TX,1,,1,,,8,5,
Dimmit,TX,45,,,3,42,85,194,31
Donley,TX,14,,,1,13,27,27,4
Duval,TX,52,1,2,,49,95,154,10
Eastland,TX,22,1,3,3,15,142,366,23
Ector,TX,639,3,19,94,523,363,1,145
Edwards,TX,7,,,,7,25,15,6
Ellis,TX,306,3,36,46,221,093,965,2
El Paso,TX,3,632,17,229,606,4,789,23
Erath,TX,78,2,27,9,40,196,711,32
Falls,TX,56,2,1,6,47,93,159,30
Fannin,TX,99,1,14,7,77,178,444,36
Fayette,TX,17,,2,1,14,60,153,10
Fisher,TX,8,,,1,7,18,40,2
Floyd,TX,13,,4,2,7,70,89,5
Foard,TX,4,,,,4,14,5,
Fort Bend,TX,1,786,21,163,549,1,352,11
Franklin,TX,9,1,1,,7,40,59,4
Freestone,TX,33,2,5,,26,89,112,31
Frio,TX,52,1,,8,43,128,226,10
Gaines,TX,7,,1,,6,30,130,7
Galveston,TX,1,376,14,175,319,236,10,743
Garza,TX,3,1,1,,1,11,61,6
Gillespie,TX,15,,2,,13,60,302,9
Glasscock,TX,,,,,,,,
Goliad,TX,5,1,,2,2,15,18,
Gonzales,TX,108,3,2,7,96,98,365,7
Gray,TX,85,,8,7,70,233,638,38
Grayson,TX,331,7,20,55,249,138,990,2
Gregg,TX,931,7,69,179,676,573,1,388
Grimes,TX,58,2,1,13,42,203,428,36
Guadalupe,TX,267,1,39,27,200,899,667,2
Hale,TX,76,1,5,18,52,830,405,1
Hall,TX,8,,,1,7,22,14,7
Hamilton,TX,14,2,2,,10,44,51,5
Hansford,TX,3,,,,3,7,30,4
Hardeman,TX,11,,2,,9,29,76,5
Hardin,TX,80,1,2,12,65,013,247,691
Harris,TX,31,741,346,1,459,17,551,27
Harrison,TX,306,5,19,46,236,467,827,1
Hartley,TX,10,,2,,8,35,59,3
Haskell,TX,16,,,,16,35,59,2
Hays,TX,224,1,29,40,154,755,510,2
Hemphill,TX,7,,,1,6,18,21,4
Henderson,TX,393,5,13,23,352,393,750,1
Hidalgo,TX,3,320,30,196,662,2,748,36
Hill,TX,64,1,4,14,45,258,652,52
Hockley,TX,72,1,4,2,65,150,383,11
Hood,TX,66,1,2,3,60,279,288,917
Hopkins,TX,85,2,7,6,70,228,485,50
Houston,TX,59,1,6,8,44,126,347,27
Howard,TX,81,1,18,11,51,067,434,591
Hudspeth,TX,5,,,,5,21,19,2
Hunt,TX,357,9,10,72,266,003,1,100
Hutchinson,TX,61,,11,8,42,187,749,44
Irion,TX,5,,,,5,11,8,2
Jack,TX,6,,,,6,23,54,6
Jackson,TX,24,,6,2,16,56,166,8
Jasper,TX,133,1,13,7,112,242,604,30
Jeff Davis,TX,3,,1,,2,5,5,1
Jefferson,TX,1,485,14,109,479,589,13,805
Jim Hogg,TX,7,,,1,6,21,58,1
Jim Wells,TX,390,2,24,8,356,679,745,1
Johnson,TX,442,1,43,44,354,749,1,173
Jones,TX,67,2,10,9,46,200,307,21
Karnes,TX,16,1,,,15,48,58,3
Kaufman,TX,527,5,50,56,416,382,1,073
Kendall,TX,35,1,5,2,27,76,295,18
Kenedy,TX,2,,,2,,,,
Kent,TX,2,,,,2,9,2,
Kerr,TX,94,,10,13,71,218,247,928
Kimble,TX,21,,,1,20,32,127,3
King,TX,,,,,,,,
Kinney,TX,,,,,,,1,1
Kleberg,TX,201,,15,12,174,885,483,1
Knox,TX,10,,2,,8,25,44,9
Lamar,TX,405,6,91,41,267,974,577,2
Lamb,TX,53,,6,,47,123,231,15
Lampasas,TX,32,,8,4,20,55,305,8
La Salle,TX,17,,2,,15,39,56,11
Lavaca,TX,10,,1,,9,49,164,5
Lee,TX,45,,4,3,38,89,214,23
Leon,TX,56,,3,1,52,75,96,12
Liberty,TX,255,8,18,29,200,133,587,1
Limestone,TX,80,3,12,17,48,205,662,49
Lipscomb,TX,3,,,,3,6,4,3
Live Oak,TX,5,,,,5,32,77,6
Llano,TX,27,1,8,,18,141,243,16
Loving,TX,1,,,,1,1,,
Lubbock,TX,2,328,19,113,325,2,590,14
Lynn,TX,8,,2,,6,29,68,4
McCulloch,TX,19,,1,2,16,43,145,10
McLennan,TX,1,244,19,89,287,206,12,757
McMullen,TX,,,,,,6,1,
Madison,TX,39,1,4,4,30,112,228,24
Marion,TX,33,,9,3,21,145,147,27
Martin,TX,2,,1,,1,25,17,
Mason,TX,8,,,,8,16,27,1
Matagorda,TX,204,4,6,32,162,610,365,1
Maverick,TX,161,,2,16,143,575,362,1
Medina,TX,90,3,21,12,54,252,496,36
Menard,TX,12,,,,12,9,16,1
Midland,TX,263,2,26,50,185,004,514,1
Milam,TX,71,2,9,6,54,177,456,35
Mills,TX,2,,,,2,13,11,
Mitchell,TX,9,,,1,8,38,124,7
Montague,TX,35,2,12,4,17,158,420,51
Montgomery,TX,1,313,10,90,219,118,10,216
Moore,TX,67,,11,5,51,93,395,23
Morris,TX,27,,3,2,22,84,152,17
Motley,TX,,,,,,,,3
Nacogdoches,TX,202,1,13,34,154,961,554,1
Navarro,TX,99,4,14,26,55,962,532,1
Newton,TX,16,,2,1,13,73,76,7
Nolan,TX,30,,4,3,23,152,210,19
Nueces,TX,2,188,26,235,557,2,223,21
Ochiltree,TX,23,,1,,22,31,138,7
Oldham,TX,10,1,6,,3,13,16,1
Orange,TX,477,2,37,75,363,073,944,1
Palo Pinto,TX,64,1,11,13,39,094,289,743
Panola,TX,76,,2,5,69,118,367,52
Parker,TX,140,1,17,26,96,460,695,1
Parmer,TX,27,,2,5,20,51,71,11
Pecos,TX,14,1,1,,12,122,201,9
Polk,TX,110,5,20,13,72,103,371,650
Potter,TX,834,6,44,218,566,932,1,396
Presidio,TX,9,,,,9,19,40,4
Rains,TX,10,,2,,8,75,110,16
Randall,TX,684,6,42,164,472,497,1,126
Reagan,TX,2,,,,2,4,15,1
Real,TX,3,1,,,2,14,9,
Red River,TX,37,,4,1,32,111,123,11
Reeves,TX,13,,,,13,73,220,6
Refugio,TX,27,,1,1,25,46,57,10
Roberts,TX,1,,,,1,7,16,
Robertson,TX,106,,8,9,89,143,213,20
Rockwall,TX,118,,9,17,92,309,321,884
Runnels,TX,23,,,3,20,86,179,10
Rusk,TX,340,4,41,17,278,819,390,1
Sabine,TX,5,1,,1,3,116,129,10
San Augustine,TX,37,,2,2,33,93,109,15
San Jacinto,TX,41,3,1,6,31,173,223,52
San Patricio,TX,166,2,22,23,119,275,634,1
San Saba,TX,7,1,,,6,34,33,5
Schleicher,TX,2,,,,2,5,17,
Scurry,TX,46,,1,3,42,97,205,20
Shackelford,TX,,,,,,6,9,2
Shelby,TX,74,,4,8,62,191,334,40
Sherman,TX,2,,,,2,19,25,1
Smith,TX,881,9,97,167,608,393,1,848
Somervell,TX,7,,1,,6,81,64,6
Starr,TX,159,4,8,22,125,242,385,682
Stephens,TX,8,,1,,7,60,73,5
Sterling,TX,,,,,,3,,
Stonewall,TX,,,,,,3,3,1
Sutton,TX,8,,1,1,6,8,31,2
Swisher,TX,27,,,1,26,48,99,7
Tarrant,TX,7,441,79,690,2,225,7,506
Taylor,TX,493,6,55,172,260,912,1,751
Terrell,TX,7,,,,7,9,6,
Terry,TX,36,,3,4,29,73,162,23
Throckmorton,TX,,,,,,5,23,
Titus,TX,114,2,7,21,84,213,660,57
Tom Green,TX,421,1,68,60,292,226,1,167
Travis,TX,3,982,29,367,1,160,3,494
Trinity,TX,33,,1,7,25,116,142,34
Tyler,TX,32,1,4,3,24,87,102,10
Upshur,TX,85,4,4,6,71,061,305,691
Upton,TX,1,,,,1,5,25,2
Uvalde,TX,84,1,1,7,75,236,407,785
Val Verde,TX,68,1,1,9,57,299,339,881
Van Zandt,TX,151,4,2,15,130,360,468,725
Victoria,TX,466,7,39,97,323,960,1,062
Walker,TX,272,3,18,33,218,812,436,1
Waller,TX,95,3,6,6,80,241,372,758
Ward,TX,31,,3,2,26,43,133,4
Washington,TX,105,1,10,10,84,235,521,37
Webb,TX,1,157,19,55,229,020,13,780
Wharton,TX,182,,12,29,141,576,493,992
Wheeler,TX,12,,1,2,9,35,21,7
Wichita,TX,1,248,9,78,220,8,426,2
Wilbarger,TX,66,,2,8,56,112,418,30
Willacy,TX,117,,3,3,111,289,538,21
Williamson,TX,567,4,92,83,388,062,1,153
Wilson,TX,90,,5,2,83,177,350,18
Winkler,TX,11,1,2,1,7,30,45,6
Wise,TX,172,,14,2,156,163,326,790
Wood,TX,31,,,2,29,306,423,12
Yoakum,TX,14,,,1,13,12,70,3
Young,TX,24,,5,,19,93,317,25
Zapata,TX,54,,3,2,49,243,169,36
Zavala,TX,20,,,,20,61,170,14
Beaver,UT,7,,,,7,15,55,6
Box Elder,UT,69,,22,4,43,220,284,892
Cache,UT,67,,26,4,37,859,326,1
Carbon,UT,30,,6,3,21,130,401,26
Daggett,UT,2,,,,2,7,16,1
Davis,UT,314,1,86,51,176,300,930,4
Duchesne,UT,23,1,7,1,14,72,248,21
Emery,UT,5,,,,5,39,105,2
Garfield,UT,,,,,,,,
Grand,UT,37,2,2,2,31,58,262,15
Iron,UT,49,2,9,6,32,148,640,40
Juab,UT,13,,3,,10,48,185,13
Kane,UT,1,,,,1,16,49,2
Millard,UT,21,1,6,,14,63,288,33
Morgan,UT,8,,5,,3,25,49,2
Piute,UT,,,,,,,,
Rich,UT,6,,,,6,16,36,1
Salt Lake,UT,3,563,31,498,941,3,228,53
San Juan,UT,11,,6,1,4,16,53,5
Sanpete,UT,18,,3,,15,82,189,15
Sevier,UT,29,1,7,1,20,99,549,31
Summit,UT,24,,12,7,5,159,180,923
Tooele,UT,108,,29,14,65,327,273,948
Uintah,UT,63,1,13,2,47,017,406,553
Utah,UT,417,5,127,52,233,407,2,390
Wasatch,UT,14,,1,,13,73,143,13
Washington,UT,171,,24,2,145,023,431,1
Wayne,UT,2,,,,2,7,24,2
Weber,UT,511,6,59,138,308,580,1,381
Addison,VT,6,,1,,5,86,150,16
Bennington,VT,38,,9,1,28,180,606,38
Caledonia,VT,30,,7,4,19,153,364,34
Chittenden,VT,255,7,48,41,159,845,971,3
Essex,VT,,,,,,,,
Franklin,VT,73,,20,3,50,317,442,802
Grand Isle,VT,1,,,,1,16,27,6
Lamoille,VT,17,,2,,15,96,392,24
Orange,VT,30,,9,2,19,111,206,21
Orleans,VT,5,,3,2,,151,236,26
Rutland,VT,51,,7,13,31,459,253,1
Washington,VT,51,,19,2,30,340,306,1
Windham,VT,87,4,21,4,58,086,260,769
Windsor,VT,43,5,8,3,27,290,666,43
Accomack,VA,59,1,11,21,26,85,495,50
Albemarle,VA,128,1,29,20,78,765,212,1
Alleghany,VA,28,,3,4,21,59,159,13
Amelia,VA,11,,1,1,9,11,79,14
Amherst,VA,38,1,10,10,17,56,281,33
Appomattox,VA,18,,2,4,12,23,75,2
Arlington,VA,418,1,27,179,211,972,364,4
Augusta,VA,94,4,8,10,72,184,615,71
Bath,VA,1,,1,,,3,5,
Bedford,VA,61,,14,2,45,145,510,37
Bland,VA,3,,1,2,,44,38,4
Botetourt,VA,32,,2,2,28,40,323,18
Brunswick,VA,14,1,3,3,7,86,188,34
Buchanan,VA,61,6,11,8,36,201,372,50
Buckingham,VA,19,,2,2,15,41,134,13
Campbell,VA,75,1,14,11,49,154,538,57
Caroline,VA,89,1,7,5,76,28,168,32
Carroll,VA,51,1,3,5,42,116,261,56
Charles City,VA,3,,,,3,14,17,2
Charlotte,VA,17,,1,1,15,10,11,3
Chesterfield,VA,534,9,51,203,271,778,1,393
Clarke,VA,41,3,7,,31,32,206,17
Craig,VA,8,2,,,6,11,16,2
Culpeper,VA,72,,13,12,47,76,622,33
Cumberland,VA,12,,1,,11,38,57,6
Dickenson,VA,13,,2,1,10,71,121,7
Dinwiddie,VA,40,4,6,5,25,48,492,58
Essex,VA,13,1,,2,10,17,194,9
Fairfax,VA,663,4,36,361,262,070,166,14
Fauquier,VA,95,,9,7,79,93,781,44
Floyd,VA,6,,1,,5,32,151,21
Fluvanna,VA,32,,6,2,24,44,167,22
Franklin,VA,58,2,12,3,41,107,600,76
Frederick,VA,77,1,23,15,38,178,215,859
Giles,VA,31,,3,,28,13,52,
Gloucester,VA,31,1,10,6,14,45,357,16
Goochland,VA,48,2,2,3,41,42,125,26
Grayson,VA,25,,4,,21,67,74,16
Greene,VA,15,,3,2,10,30,101,11
Greensville,VA,24,,3,6,15,72,168,18
Halifax,VA,70,3,7,18,42,204,669,36
Hanover,VA,68,3,15,24,26,448,137,1
Henrico,VA,668,17,28,293,330,785,1,628
Henry,VA,178,8,12,39,119,338,303,919
Highland,VA,,,,,,,1,1
Isle of Wight,VA,38,1,4,12,21,22,586,38
James City,VA,85,,20,12,53,124,715,53
King and Queen,VA,,,,,,,,1
King George,VA,22,2,4,3,13,40,319,27
King William,VA,6,,2,1,3,20,91,13
Lancaster,VA,7,,1,1,5,49,78,4
Lee,VA,36,3,4,4,25,59,297,28
Loudoun,VA,207,1,39,47,120,615,327,3
Louisa,VA,34,,10,5,19,63,384,28
Lunenburg,VA,13,,,,13,36,88,7
Madison,VA,8,,2,1,5,7,70,2
Mathews,VA,7,1,2,1,3,43,86,6
Mecklenburg,VA,71,1,13,10,47,131,527,31
Middlesex,VA,4,,1,2,1,13,78,7
Montgomery,VA,144,4,35,16,89,005,374,1
Nelson,VA,14,1,1,2,10,52,162,20
New Kent,VA,9,,,3,6,42,182,10
Northampton,VA,34,1,2,8,23,98,183,18
Northumberland,VA,9,1,,1,7,34,149,12
Nottoway,VA,27,,2,9,16,32,258,27
Orange,VA,30,,7,3,20,49,252,29
Page,VA,20,1,4,1,14,34,148,6
Patrick,VA,23,2,4,7,10,106,224,29
Pittsylvania,VA,72,1,10,8,53,190,260,69
Powhatan,VA,12,,1,2,9,48,163,26
Prince Edward,VA,19,1,7,,11,5,79,1
Prince George,VA,52,1,12,13,26,21,310,36
Prince William,VA,573,5,31,218,319,084,1,105
Pulaski,VA,50,,7,5,38,128,843,27
Rappahannock,VA,4,,1,,3,17,36,7
Richmond,VA,12,2,,,10,13,54,7
Roanoke,VA,213,1,18,10,184,424,241,1
Rockbridge,VA,15,,9,,6,63,289,15
Rockingham,VA,34,1,10,3,20,147,305,35
Russell,VA,61,1,10,8,42,95,434,41
Scott,VA,42,,6,8,28,86,325,37
Shenandoah,VA,39,1,6,3,29,46,351,24
Smyth,VA,55,2,13,2,38,113,527,38
Southampton,VA,21,,3,3,15,40,246,24
Spotsylvania,VA,176,5,11,20,140,627,100,1
Stafford,VA,116,5,26,17,68,620,160,1
Surry,VA,25,1,2,3,19,26,57,3
Sussex,VA,29,2,2,3,22,35,151,12
Tazewell,VA,86,,22,8,56,305,279,963
Warren,VA,47,,12,10,25,77,656,60
Washington,VA,116,6,16,6,88,301,243,980
Westmoreland,VA,38,3,1,3,31,54,161,17
Wise,VA,111,3,22,6,80,213,667,66
Wythe,VA,48,,10,4,34,50,493,32
York,VA,56,1,9,11,35,168,96,1
Alexandria,VA,379,2,30,161,186,445,351,2
Bedford,VA,23,,4,4,15,24,188,4
Bristol,VA,94,1,7,24,62,108,528,36
Buena Vista,VA,28,,3,2,23,12,61,7
Charlottesville,VA,329,4,35,68,222,919,230,1
Chesapeake,VA,1,111,12,61,295,070,7,724
Clifton Forge,VA,,,,,,,,
Colonial Heights,VA,52,4,4,20,24,73,672,35
Covington,VA,19,1,3,6,9,86,163,10
Danville,VA,299,3,16,92,188,228,270,1
Emporia,VA,42,,2,15,25,60,385,13
Fairfax,VA,10,,7,1,2,22,494,21
Falls Church,VA,25,1,2,8,14,35,316,50
Franklin,VA,30,2,1,8,19,22,268,23
Fredericksburg,VA,95,2,12,24,57,011,78,855
Galax,VA,29,,2,1,26,53,253,17
Hampton,VA,592,14,51,226,301,072,798,3
Harrisonburg,VA,121,1,20,27,73,290,302,907
Hopewell,VA,177,1,12,55,109,135,275,738
Lexington,VA,5,,,2,3,41,104,8
Lynchburg,VA,244,4,19,64,157,510,386,1
Manassas,VA,162,3,22,48,89,143,126,878
Manassas Park,VA,30,,5,5,20,23,228,40
Martinsville,VA,57,1,6,19,31,90,415,25
Newport News,VA,1,396,18,111,524,355,7,897
Norfolk,VA,1,388,35,88,697,690,13,022
Norton,VA,16,1,,2,13,19,184,8
Petersburg,VA,316,4,26,113,173,564,564,1
Poquoson,VA,9,,,2,7,38,136,9
Portsmouth,VA,892,8,31,344,509,414,1,245
Radford,VA,4,,1,,3,2,67,1
Richmond,VA,2,745,96,107,1,187,2,538
Roanoke,VA,856,8,62,187,599,993,995,4
Salem,VA,34,,5,8,21,66,515,43
South Boston,VA,,,,,,,,
Staunton,VA,61,1,6,10,44,68,576,26
Suffolk,VA,427,5,31,94,297,849,496,2
Virginia Beach,VA,1,014,15,141,478,13,558,1
Waynesboro,VA,72,2,3,10,57,86,624,46
Williamsburg,VA,18,1,6,4,7,31,599,21
Winchester,VA,74,,7,20,47,433,109,1
Adams,WA,61,,9,11,41,265,624,50
Asotin,WA,48,1,5,1,41,129,554,57
Benton,WA,389,5,46,60,278,736,1,226
Chelan,WA,163,2,46,26,89,305,570,2
Clallam,WA,169,3,47,16,103,814,398,1
Clark,WA,984,12,189,212,571,402,2,698
Columbia,WA,8,,,,8,29,180,4
Cowlitz,WA,357,5,49,61,242,808,1,306
Douglas,WA,55,1,12,4,38,270,238,973
Ferry,WA,7,1,4,,2,9,28,2
Franklin,WA,161,3,15,38,105,083,434,1
Garfield,WA,9,,3,,6,8,56,1
Grant,WA,179,3,31,33,112,122,930,2
Grays Harbor,WA,170,,34,30,106,883,818,2
Island,WA,47,1,13,4,29,154,514,27
Jefferson,WA,45,,13,2,30,270,656,41
King,WA,7,050,58,672,2,615,7,429
Kitsap,WA,1,058,1,231,125,002,6,878
Kittitas,WA,58,,15,10,33,251,522,1
Klickitat,WA,34,,5,,29,209,299,30
Lewis,WA,217,1,38,32,146,246,686,2
Lincoln,WA,9,,3,,6,79,153,14
Mason,WA,182,2,56,19,105,891,787,1
Okanogan,WA,97,3,17,12,65,152,344,712
Pacific,WA,45,,4,4,37,365,513,44
Pend Oreille,WA,17,,3,,14,172,282,31
Pierce,WA,4,031,26,385,1,434,4,540
San Juan,WA,7,,1,1,5,54,164,16
Skagit,WA,281,2,67,62,150,477,1,288
Skamania,WA,13,3,7,,3,72,276,29
Snohomish,WA,1,606,18,274,419,415,24,534
Spokane,WA,1,661,15,147,380,1,749,27
Stevens,WA,40,1,24,3,12,162,317,768
Thurston,WA,592,8,84,92,408,266,1,790
Wahkiakum,WA,9,,3,,6,25,44,4
Walla Walla,WA,166,,44,21,101,010,351,1
Whatcom,WA,437,4,90,96,247,410,1,785
Whitman,WA,49,,16,6,27,212,706,59
Yakima,WA,679,10,122,181,366,810,3,109
Barbour,WV,16,1,1,,14,86,113,15
Berkeley,WV,244,3,7,52,182,889,404,1
Boone,WV,49,,2,4,43,115,266,53
Braxton,WV,24,,3,1,20,44,125,16
Brooke,WV,12,,3,1,8,38,107,14
Cabell,WV,332,6,61,142,123,065,1,116
Calhoun,WV,1,,,,1,18,29,13
Clay,WV,24,1,,,23,52,48,17
Doddridge,WV,9,,1,1,7,11,15,4
Fayette,WV,71,1,5,9,56,200,376,42
Gilmer,WV,7,,1,2,4,47,60,9
Grant,WV,13,,,,13,65,40,2
Greenbrier,WV,44,,1,4,39,64,214,19
Hampshire,WV,62,2,5,,55,82,132,21
Hancock,WV,16,,,3,13,26,198,18
Hardy,WV,36,,2,,34,43,65,11
Harrison,WV,188,5,12,13,158,799,377,1
Jackson,WV,35,1,1,2,31,88,184,34
Jefferson,WV,34,1,3,6,24,114,332,40
Kanawha,WV,1,209,18,47,219,9,215,2
Lewis,WV,9,1,2,,6,15,73,11
Lincoln,WV,41,,,4,37,172,268,82
Logan,WV,171,,3,18,150,296,264,920
McDowell,WV,30,1,3,2,24,81,180,14
Marion,WV,91,1,11,15,64,202,576,117
Marshall,WV,50,,4,3,43,100,255,30
Mason,WV,38,,1,3,34,112,262,55
Mercer,WV,286,4,17,48,217,137,623,1
Mineral,WV,81,,4,8,69,104,267,20
Mingo,WV,62,2,,5,55,72,174,48
Monongalia,WV,252,,18,39,195,032,367,1
Monroe,WV,17,1,2,,14,37,40,8
Morgan,WV,14,,,2,12,57,101,16
Nicholas,WV,44,,5,4,35,126,467,57
Ohio,WV,53,6,1,3,43,30,86,12
Pendleton,WV,4,1,1,,2,17,37,7
Pleasants,WV,12,,,1,11,9,16,
Pocahontas,WV,23,1,,,22,54,54,9
Preston,WV,34,,1,2,31,107,141,24
Putnam,WV,80,1,11,7,61,305,255,935
Raleigh,WV,250,2,19,28,201,321,446,2
Randolph,WV,67,,7,8,52,136,423,21
Ritchie,WV,22,1,2,2,17,62,69,6
Roane,WV,26,2,,,24,53,171,21
Summers,WV,25,,1,1,23,41,66,8
Taylor,WV,7,,,,7,22,25,7
Tucker,WV,16,,1,,15,43,64,1
Tyler,WV,5,,1,1,3,27,29,3
Upshur,WV,22,,11,,11,52,206,18
Wayne,WV,80,1,6,14,59,044,278,638
Webster,WV,14,1,,,13,41,81,9
Wetzel,WV,16,,3,1,12,43,71,9
Wirt,WV,7,,,,7,41,44,10
Wood,WV,308,,28,30,250,333,578,1
Wyoming,WV,33,1,1,1,30,151,120,13
Adams,WI,,,,,,,2,
Ashland,WI,37,,3,,34,53,365,12
Barron,WI,58,,10,3,45,145,630,40
Bayfield,WI,40,,,,40,83,191,23
Brown,WI,604,8,78,69,449,790,1,003
Buffalo,WI,5,,3,,2,27,53,6
Burnett,WI,72,2,4,1,65,160,206,41
Calumet,WI,39,,7,6,26,115,600,29
Chippewa,WI,42,,8,3,31,133,159,916
Clark,WI,16,1,7,,8,66,239,18
Columbia,WI,53,,6,3,44,327,195,1
Crawford,WI,6,,2,,4,25,166,9
Dane,WI,1,110,3,132,350,12,024,1
Dodge,WI,54,,14,6,34,387,241,1
Door,WI,20,,10,1,9,67,354,13
Douglas,WI,68,,13,13,42,842,370,1
Dunn,WI,25,,6,3,16,152,636,60
Eau Claire,WI,184,1,19,22,142,843,428,2
Florence,WI,12,1,1,1,9,64,64,7
Fond du Lac,WI,98,1,20,10,67,947,223,1
Forest,WI,16,1,1,,14,125,205,22
Grant,WI,76,,3,,73,119,587,14
Green,WI,20,,14,,6,80,331,17
Green Lake,WI,14,,3,,11,50,248,14
Iowa,WI,18,1,2,1,14,41,290,9
Iron,WI,6,,,,6,43,82,16
Jackson,WI,25,2,1,11,11,78,276,44
Jefferson,WI,91,1,20,5,65,431,210,1
Juneau,WI,58,,12,4,42,159,319,32
Kenosha,WI,257,4,29,108,116,977,811,2
Kewaunee,WI,5,,,1,4,30,372,5
La Crosse,WI,187,1,16,30,140,512,320,2
Lafayette,WI,11,,4,,7,23,106,14
Langlade,WI,48,,,,48,140,589,20
Lincoln,WI,20,,2,1,17,152,538,32
Manitowoc,WI,78,1,22,6,49,853,289,1
Marathon,WI,186,1,27,30,128,448,480,1
Marinette,WI,32,,4,4,24,239,640,41
Marquette,WI,4,,1,1,2,84,115,23
Menominee,WI,21,,1,1,19,58,71,25
Milwaukee,WI,5,242,93,241,2,071,6,305
Monroe,WI,62,,8,5,49,138,520,50
Oconto,WI,37,1,3,3,30,265,416,47
Oneida,WI,44,2,6,1,35,135,578,27
Outagamie,WI,163,2,43,23,95,951,430,3
Ozaukee,WI,29,,2,6,21,004,155,820
Pepin,WI,4,,,1,3,13,27,5
Pierce,WI,33,,3,4,26,173,635,36
Polk,WI,49,2,9,,38,210,417,49
Portage,WI,99,,30,2,67,492,218,1
Price,WI,17,,,,17,47,80,5
Racine,WI,396,7,26,247,116,926,1,337
Richland,WI,44,1,3,1,39,46,138,13
Rock,WI,350,1,55,91,203,278,987,4
Rusk,WI,49,,2,5,42,85,269,10
St. Croix,WI,39,,13,3,23,481,220,1
Sauk,WI,73,1,9,10,53,128,226,1
Sawyer,WI,16,6,4,,6,164,314,47
Shawano,WI,24,,8,2,14,014,165,809
Sheboygan,WI,122,1,23,15,83,857,338,2
Taylor,WI,14,,5,,9,76,261,9
Trempealeau,WI,21,,5,1,15,103,260,11
Vernon,WI,14,1,4,1,8,75,189,13
Vilas,WI,30,2,2,3,23,123,426,48
Walworth,WI,96,1,18,11,66,403,328,1
Washburn,WI,18,,1,2,15,54,150,13
Washington,WI,82,,22,13,47,288,294,1
Waukesha,WI,254,1,30,46,177,632,805,4
Waupaca,WI,40,,4,2,34,039,203,767
Waushara,WI,15,,,1,14,79,178,12
Winnebago,WI,233,1,27,29,176,706,618,2
Wood,WI,35,1,10,3,21,688,322,1
Albany,WY,35,1,1,2,31,239,177,1
Big Horn,WY,4,,2,,2,7,36,5
Campbell,WY,54,,7,2,45,277,137,1
Carbon,WY,60,,2,3,55,112,416,36
Converse,WY,19,,3,1,15,50,195,10
Crook,WY,10,,2,,8,22,86,1
Fremont,WY,53,3,4,1,45,157,735,63
Goshen,WY,46,,2,,44,67,199,4
Hot Springs,WY,10,,,,10,6,86,7
Johnson,WY,22,,,,22,31,142,6
Laramie,WY,161,1,32,17,111,072,428,2
Lincoln,WY,40,1,,,39,59,124,21
Natrona,WY,132,,7,16,109,355,643,2
Niobrara,WY,6,,1,,5,10,14,
Park,WY,84,,15,2,67,110,503,11
Platte,WY,14,,,,14,31,182,6
Sheridan,WY,28,1,6,5,16,58,479,27
Sublette,WY,27,,2,,25,18,203,15
Sweetwater,WY,226,2,8,13,203,721,337,1
Teton,WY,49,,15,3,31,103,446,25
Uinta,WY,22,,1,,21,69,624,34
Washakie,WY,28,1,,1,26,13,53,7
Weston,WY,7,1,1,,5,40,138,
